customer_external_id,ticket_id,created_at,status,priority,resolution_days,csat_score
CUST-00654,ZD-100000,2025-11-05T16:09:18.269514,open,normal,0.0,3.0
CUST-00142,ZD-100001,2025-11-15T16:09:18.269547,solved,urgent,10.0,1.0
CUST-00030,ZD-100002,2025-11-24T16:09:18.269563,closed,low,3.0,
CUST-00203,ZD-100003,2024-08-18T16:09:18.269572,closed,urgent,6.0,
CUST-00284,ZD-100004,2026-02-21T16:09:18.269583,closed,urgent,12.0,4.0
CUST-00284,ZD-100005,2025-09-21T16:09:18.269591,open,low,3.0,1.0
CUST-00389,ZD-100006,2025-11-20T16:09:18.269598,open,high,5.0,1.0
CUST-00747,ZD-100007,2024-11-14T16:09:18.269607,solved,urgent,8.0,1.0
CUST-00565,ZD-100008,2025-05-03T16:09:18.269616,open,normal,13.0,1.0
CUST-00046,ZD-100009,2025-07-09T16:09:18.269624,open,low,12.0,3.0
CUST-00887,ZD-100010,2025-11-16T16:09:18.269631,open,urgent,6.0,4.0
CUST-00166,ZD-100011,2025-02-13T16:09:18.269637,closed,high,5.0,1.0
CUST-00623,ZD-100012,2025-09-05T16:09:18.269643,closed,normal,8.0,5.0
CUST-00388,ZD-100013,2025-05-27T16:09:18.269649,closed,high,14.0,1.0
CUST-00234,ZD-100014,2026-01-26T16:09:18.269655,open,urgent,12.0,4.0
CUST-00067,ZD-100015,2025-07-26T16:09:18.269661,open,normal,14.0,5.0
CUST-00405,ZD-100016,2024-11-15T16:09:18.269667,open,normal,2.0,3.0
CUST-00762,ZD-100017,2024-08-02T16:09:18.269673,open,urgent,8.0,
CUST-00408,ZD-100018,2025-02-22T16:09:18.269679,closed,urgent,3.0,1.0
CUST-00773,ZD-100019,2026-01-10T16:09:18.269684,solved,normal,13.0,3.0
CUST-00811,ZD-100020,2024-12-22T16:09:18.269691,solved,urgent,9.0,5.0
CUST-00610,ZD-100021,2024-11-05T16:09:18.269697,open,low,8.0,1.0
CUST-00698,ZD-100022,2024-08-27T16:09:18.269703,open,high,12.0,1.0
CUST-00300,ZD-100023,2024-12-09T16:09:18.269709,pending,low,2.0,4.0
CUST-00995,ZD-100024,2024-10-03T16:09:18.269714,closed,low,12.0,4.0
CUST-00861,ZD-100025,2024-09-26T16:09:18.269720,closed,normal,9.0,4.0
CUST-00780,ZD-100026,2025-09-15T16:09:18.269726,solved,high,8.0,5.0
CUST-00019,ZD-100027,2025-11-05T16:09:18.269731,open,high,14.0,3.0
CUST-00059,ZD-100028,2025-06-26T16:09:18.269737,solved,low,14.0,5.0
CUST-00835,ZD-100029,2025-12-19T16:09:18.269743,closed,normal,12.0,5.0
CUST-00969,ZD-100030,2024-08-14T16:09:18.269749,open,urgent,2.0,3.0
CUST-00951,ZD-100031,2024-08-24T16:09:18.269754,closed,high,12.0,5.0
CUST-00687,ZD-100032,2025-02-10T16:09:18.269760,pending,low,7.0,3.0
CUST-00230,ZD-100033,2025-12-24T16:09:18.269766,solved,normal,5.0,
CUST-00225,ZD-100034,2026-02-20T16:09:18.269781,solved,normal,1.0,1.0
CUST-00927,ZD-100035,2026-01-26T16:09:18.269787,open,low,13.0,
CUST-00243,ZD-100036,2025-05-18T16:09:18.269792,pending,normal,10.0,
CUST-00135,ZD-100037,2024-07-23T16:09:18.269798,pending,normal,9.0,5.0
CUST-00826,ZD-100038,2025-01-07T16:09:18.269804,solved,low,3.0,5.0
CUST-00362,ZD-100039,2024-12-21T16:09:18.269810,pending,low,6.0,1.0
CUST-00062,ZD-100040,2025-01-11T16:09:18.269815,open,low,11.0,3.0
CUST-00196,ZD-100041,2025-08-17T16:09:18.269825,pending,normal,8.0,5.0
CUST-00187,ZD-100042,2025-05-18T16:09:18.269831,closed,low,7.0,5.0
CUST-00827,ZD-100043,2024-08-13T16:09:18.269837,solved,low,1.0,1.0
CUST-00948,ZD-100044,2025-06-30T16:09:18.269843,pending,urgent,2.0,5.0
CUST-00218,ZD-100045,2025-01-13T16:09:18.269849,solved,normal,14.0,5.0
CUST-00002,ZD-100046,2025-01-24T16:09:18.269855,pending,high,4.0,5.0
CUST-00713,ZD-100047,2024-08-07T16:09:18.269862,pending,normal,10.0,3.0
CUST-00303,ZD-100048,2025-07-20T16:09:18.269869,solved,high,0.0,1.0
CUST-00051,ZD-100049,2024-07-09T16:09:18.269875,closed,low,7.0,
CUST-00082,ZD-100050,2025-08-21T16:09:18.269881,solved,normal,1.0,5.0
CUST-00122,ZD-100051,2024-07-24T16:09:18.269886,solved,low,3.0,5.0
CUST-00673,ZD-100052,2024-07-10T16:09:18.269892,open,high,9.0,3.0
CUST-00685,ZD-100053,2025-04-12T16:09:18.269898,open,urgent,3.0,3.0
CUST-00687,ZD-100054,2025-04-26T16:09:18.269904,open,low,7.0,1.0
CUST-00469,ZD-100055,2024-07-31T16:09:18.269909,solved,normal,1.0,
CUST-00271,ZD-100056,2025-10-15T16:09:18.269915,open,low,14.0,3.0
CUST-00378,ZD-100057,2025-05-12T16:09:18.269921,pending,high,2.0,
CUST-00826,ZD-100058,2024-09-04T16:09:18.269926,open,low,0.0,3.0
CUST-00270,ZD-100059,2025-11-01T16:09:18.269932,solved,normal,14.0,4.0
CUST-00288,ZD-100060,2025-07-27T16:09:18.269938,open,normal,11.0,4.0
CUST-00517,ZD-100061,2024-10-15T16:09:18.269944,solved,low,4.0,5.0
CUST-00849,ZD-100062,2025-05-20T16:09:18.269950,solved,high,0.0,3.0
CUST-00652,ZD-100063,2025-06-04T16:09:18.269955,pending,urgent,2.0,
CUST-00009,ZD-100064,2025-11-05T16:09:18.269961,closed,low,1.0,4.0
CUST-00596,ZD-100065,2024-08-11T16:09:18.269967,pending,normal,2.0,1.0
CUST-00315,ZD-100066,2025-02-19T16:09:18.269973,solved,high,14.0,3.0
CUST-00698,ZD-100067,2025-06-17T16:09:18.269978,solved,high,10.0,
CUST-00905,ZD-100068,2025-01-07T16:09:18.269984,closed,normal,9.0,3.0
CUST-00999,ZD-100069,2025-08-30T16:09:18.269990,pending,low,14.0,3.0
CUST-00754,ZD-100070,2025-03-24T16:09:18.269996,pending,normal,12.0,4.0
CUST-00163,ZD-100071,2025-11-09T16:09:18.270001,solved,urgent,6.0,3.0
CUST-00204,ZD-100072,2024-11-13T16:09:18.270007,open,normal,5.0,3.0
CUST-00024,ZD-100073,2025-08-14T16:09:18.270013,open,high,6.0,1.0
CUST-00990,ZD-100074,2025-05-18T16:09:18.270018,pending,high,5.0,1.0
CUST-00118,ZD-100075,2025-06-05T16:09:18.270024,open,low,2.0,1.0
CUST-00610,ZD-100076,2024-12-10T16:09:18.270029,open,urgent,5.0,
CUST-00523,ZD-100077,2025-11-01T16:09:18.270036,closed,high,6.0,1.0
CUST-00725,ZD-100078,2024-12-08T16:09:18.270042,closed,high,0.0,5.0
CUST-00071,ZD-100079,2025-03-26T16:09:18.270047,open,low,9.0,4.0
CUST-00519,ZD-100080,2025-04-17T16:09:18.270053,pending,high,10.0,5.0
CUST-00713,ZD-100081,2025-05-01T16:09:18.270059,closed,normal,8.0,5.0
CUST-00680,ZD-100082,2025-02-04T16:09:18.270064,closed,high,10.0,5.0
CUST-00561,ZD-100083,2026-02-27T16:09:18.270070,open,normal,4.0,5.0
CUST-00804,ZD-100084,2024-07-14T16:09:18.270075,open,urgent,9.0,5.0
CUST-00452,ZD-100085,2025-07-24T16:09:18.270081,pending,normal,8.0,1.0
CUST-00290,ZD-100086,2024-09-18T16:09:18.270086,open,low,10.0,3.0
CUST-00688,ZD-100087,2025-04-16T16:09:18.270092,closed,normal,3.0,1.0
CUST-00047,ZD-100088,2025-06-22T16:09:18.270097,solved,urgent,7.0,5.0
CUST-00907,ZD-100089,2024-07-18T16:09:18.270103,pending,urgent,3.0,5.0
CUST-00249,ZD-100090,2025-09-29T16:09:18.270109,solved,low,10.0,5.0
CUST-00224,ZD-100091,2025-08-31T16:09:18.270115,pending,low,12.0,
CUST-00255,ZD-100092,2025-10-26T16:09:18.270124,closed,urgent,7.0,
CUST-00572,ZD-100093,2025-04-09T16:09:18.270131,pending,urgent,12.0,
CUST-00456,ZD-100094,2025-09-18T16:09:18.270137,pending,urgent,11.0,4.0
CUST-00769,ZD-100095,2025-06-19T16:09:18.270142,open,urgent,13.0,3.0
CUST-00281,ZD-100096,2024-12-04T16:09:18.270148,open,normal,1.0,4.0
CUST-00343,ZD-100097,2025-04-06T16:09:18.270154,solved,normal,14.0,3.0
CUST-00236,ZD-100098,2025-01-31T16:09:18.270159,closed,normal,11.0,1.0
CUST-00424,ZD-100099,2025-01-06T16:09:18.270165,pending,urgent,5.0,1.0
CUST-00211,ZD-100100,2024-12-24T16:09:18.270170,solved,urgent,6.0,5.0
CUST-00006,ZD-100101,2025-03-04T16:09:18.270176,pending,urgent,4.0,
CUST-00765,ZD-100102,2024-08-17T16:09:18.270182,closed,urgent,12.0,3.0
CUST-00279,ZD-100103,2024-12-08T16:09:18.270187,solved,urgent,7.0,4.0
CUST-00684,ZD-100104,2025-01-09T16:09:18.270193,closed,urgent,11.0,3.0
CUST-00637,ZD-100105,2024-08-30T16:09:18.270198,pending,low,0.0,1.0
CUST-00658,ZD-100106,2024-12-16T16:09:18.270204,pending,normal,2.0,1.0
CUST-00266,ZD-100107,2025-02-04T16:09:18.270209,closed,urgent,5.0,4.0
CUST-00345,ZD-100108,2025-02-04T16:09:18.270215,pending,high,4.0,1.0
CUST-00481,ZD-100109,2026-02-08T16:09:18.270221,solved,high,11.0,3.0
CUST-00665,ZD-100110,2025-12-19T16:09:18.270227,solved,low,12.0,3.0
CUST-00204,ZD-100111,2026-02-07T16:09:18.270232,closed,normal,9.0,3.0
CUST-00484,ZD-100112,2025-11-02T16:09:18.270238,closed,urgent,9.0,4.0
CUST-00785,ZD-100113,2025-02-15T16:09:18.270244,solved,normal,2.0,4.0
CUST-00110,ZD-100114,2024-07-15T16:09:18.270249,open,urgent,0.0,5.0
CUST-00964,ZD-100115,2025-08-08T16:09:18.270255,closed,low,1.0,4.0
CUST-00870,ZD-100116,2025-10-27T16:09:18.270282,solved,high,12.0,
CUST-00438,ZD-100117,2025-02-13T16:09:18.270290,open,low,1.0,5.0
CUST-00842,ZD-100118,2024-10-14T16:09:18.270296,pending,high,1.0,5.0
CUST-00724,ZD-100119,2025-09-24T16:09:18.270302,closed,high,6.0,
CUST-00827,ZD-100120,2024-08-25T16:09:18.270308,pending,urgent,12.0,5.0
CUST-00845,ZD-100121,2025-05-29T16:09:18.270314,closed,low,5.0,4.0
CUST-00902,ZD-100122,2024-11-23T16:09:18.270319,pending,urgent,3.0,4.0
CUST-00029,ZD-100123,2024-10-09T16:09:18.270325,open,normal,13.0,5.0
CUST-00217,ZD-100124,2025-03-01T16:09:18.270331,open,high,12.0,4.0
CUST-00901,ZD-100125,2025-05-21T16:09:18.270336,solved,normal,8.0,1.0
CUST-00247,ZD-100126,2025-01-07T16:09:18.270342,closed,urgent,7.0,5.0
CUST-00458,ZD-100127,2026-02-10T16:09:18.270348,open,normal,1.0,5.0
CUST-00708,ZD-100128,2025-06-23T16:09:18.270354,open,urgent,4.0,
CUST-00543,ZD-100129,2025-03-12T16:09:18.270360,open,high,6.0,5.0
CUST-00277,ZD-100130,2025-04-20T16:09:18.270365,closed,low,4.0,3.0
CUST-00323,ZD-100131,2025-10-28T16:09:18.270371,closed,normal,11.0,3.0
CUST-00756,ZD-100132,2024-10-20T16:09:18.270377,open,low,4.0,3.0
CUST-00303,ZD-100133,2025-07-10T16:09:18.270383,closed,high,5.0,1.0
CUST-00725,ZD-100134,2024-08-30T16:09:18.270389,open,low,2.0,1.0
CUST-00566,ZD-100135,2025-05-04T16:09:18.270394,closed,urgent,11.0,1.0
CUST-00893,ZD-100136,2026-02-15T16:09:18.270400,open,urgent,9.0,5.0
CUST-00451,ZD-100137,2025-03-16T16:09:18.270405,solved,high,2.0,5.0
CUST-00116,ZD-100138,2025-12-23T16:09:18.270411,pending,low,6.0,
CUST-00644,ZD-100139,2026-01-04T16:09:18.270416,closed,high,2.0,1.0
CUST-00254,ZD-100140,2025-10-29T16:09:18.270422,pending,normal,8.0,
CUST-00389,ZD-100141,2024-11-23T16:09:18.270427,pending,high,14.0,
CUST-00439,ZD-100142,2025-04-21T16:09:18.270433,solved,low,9.0,3.0
CUST-00640,ZD-100143,2025-07-26T16:09:18.270439,solved,normal,4.0,3.0
CUST-00177,ZD-100144,2024-08-11T16:09:18.270450,closed,low,1.0,5.0
CUST-00461,ZD-100145,2024-11-03T16:09:18.270456,solved,normal,4.0,4.0
CUST-00723,ZD-100146,2025-05-14T16:09:18.270462,pending,low,11.0,3.0
CUST-00946,ZD-100147,2025-06-02T16:09:18.270471,closed,urgent,12.0,1.0
CUST-00557,ZD-100148,2025-07-12T16:09:18.270477,closed,high,10.0,3.0
CUST-00073,ZD-100149,2025-12-28T16:09:18.270482,open,high,2.0,5.0
CUST-00127,ZD-100150,2024-11-05T16:09:18.270488,open,urgent,11.0,4.0
CUST-00512,ZD-100151,2024-08-24T16:09:18.270494,pending,low,7.0,
CUST-00040,ZD-100152,2024-12-12T16:09:18.270499,open,high,11.0,1.0
CUST-00093,ZD-100153,2025-07-08T16:09:18.270505,solved,high,10.0,
CUST-00041,ZD-100154,2025-09-01T16:09:18.270511,pending,high,7.0,3.0
CUST-00599,ZD-100155,2024-12-08T16:09:18.270517,pending,low,10.0,5.0
CUST-00356,ZD-100156,2025-01-05T16:09:18.270522,open,low,5.0,3.0
CUST-00337,ZD-100157,2025-01-02T16:09:18.270528,pending,high,11.0,5.0
CUST-00833,ZD-100158,2024-08-13T16:09:18.270534,pending,low,0.0,4.0
CUST-00258,ZD-100159,2025-04-02T16:09:18.270539,pending,low,1.0,
CUST-00473,ZD-100160,2024-12-31T16:09:18.270545,closed,high,0.0,
CUST-00774,ZD-100161,2024-10-05T16:09:18.270550,pending,low,10.0,3.0
CUST-00273,ZD-100162,2024-08-14T16:09:18.270556,open,urgent,2.0,5.0
CUST-00124,ZD-100163,2026-01-29T16:09:18.270561,closed,normal,10.0,4.0
CUST-00564,ZD-100164,2026-02-13T16:09:18.270567,pending,low,8.0,3.0
CUST-00861,ZD-100165,2025-11-03T16:09:18.270572,solved,normal,7.0,5.0
CUST-00955,ZD-100166,2025-05-05T16:09:18.270578,open,urgent,8.0,5.0
CUST-00483,ZD-100167,2025-06-23T16:09:18.270584,closed,urgent,7.0,3.0
CUST-00943,ZD-100168,2024-09-25T16:09:18.270589,closed,low,11.0,4.0
CUST-00791,ZD-100169,2024-12-30T16:09:18.270595,open,low,5.0,4.0
CUST-00743,ZD-100170,2025-04-28T16:09:18.270601,pending,normal,13.0,5.0
CUST-00551,ZD-100171,2024-10-20T16:09:18.270607,open,urgent,5.0,5.0
CUST-00955,ZD-100172,2025-04-04T16:09:18.270612,closed,normal,13.0,
CUST-00392,ZD-100173,2025-07-03T16:09:18.270618,pending,low,13.0,4.0
CUST-00762,ZD-100174,2024-10-31T16:09:18.270624,pending,urgent,11.0,3.0
CUST-00507,ZD-100175,2026-01-21T16:09:18.270630,open,low,2.0,5.0
CUST-00102,ZD-100176,2024-09-07T16:09:18.270635,pending,low,14.0,3.0
CUST-00419,ZD-100177,2025-09-22T16:09:18.270641,pending,high,1.0,4.0
CUST-00638,ZD-100178,2025-01-16T16:09:18.270647,solved,high,10.0,
CUST-00389,ZD-100179,2025-04-09T16:09:18.270656,pending,low,10.0,
CUST-00070,ZD-100180,2025-07-02T16:09:18.270661,open,normal,10.0,1.0
CUST-00444,ZD-100181,2025-11-19T16:09:18.270667,solved,urgent,12.0,3.0
CUST-00710,ZD-100182,2025-04-27T16:09:18.270673,solved,low,14.0,4.0
CUST-00815,ZD-100183,2026-01-01T16:09:18.270678,open,high,4.0,5.0
CUST-00149,ZD-100184,2025-06-22T16:09:18.270684,pending,normal,8.0,3.0
CUST-00179,ZD-100185,2025-12-09T16:09:18.270689,pending,normal,9.0,5.0
CUST-00934,ZD-100186,2024-07-10T16:09:18.270695,closed,urgent,2.0,4.0
CUST-00470,ZD-100187,2025-06-11T16:09:18.270700,solved,urgent,10.0,4.0
CUST-00693,ZD-100188,2024-08-17T16:09:18.270706,solved,urgent,2.0,4.0
CUST-00601,ZD-100189,2025-04-27T16:09:18.270711,pending,high,10.0,5.0
CUST-00865,ZD-100190,2025-04-24T16:09:18.270717,pending,urgent,3.0,1.0
CUST-00242,ZD-100191,2025-02-02T16:09:18.270723,open,high,9.0,4.0
CUST-00022,ZD-100192,2025-01-18T16:09:18.270728,solved,low,4.0,
CUST-00763,ZD-100193,2024-10-07T16:09:18.270734,open,normal,13.0,
CUST-00821,ZD-100194,2025-03-04T16:09:18.270743,closed,high,3.0,3.0
CUST-00643,ZD-100195,2025-11-20T16:09:18.270749,solved,high,14.0,5.0
CUST-00034,ZD-100196,2024-07-14T16:09:18.270754,closed,low,5.0,4.0
CUST-00334,ZD-100197,2024-12-29T16:09:18.270760,closed,normal,2.0,
CUST-00897,ZD-100198,2025-02-18T16:09:18.270765,open,normal,8.0,4.0
CUST-00935,ZD-100199,2024-10-22T16:09:18.270772,open,high,12.0,1.0
CUST-00479,ZD-100200,2025-12-12T16:09:18.270777,closed,urgent,2.0,
CUST-00374,ZD-100201,2025-11-27T16:09:18.270783,pending,low,12.0,4.0
CUST-00549,ZD-100202,2025-10-24T16:09:18.270789,open,high,7.0,
CUST-00390,ZD-100203,2025-02-12T16:09:18.270795,closed,urgent,1.0,1.0
CUST-00634,ZD-100204,2024-08-02T16:09:18.270801,closed,low,5.0,5.0
CUST-00931,ZD-100205,2025-04-24T16:09:18.270806,pending,low,10.0,3.0
CUST-00046,ZD-100206,2026-01-20T16:09:18.270812,pending,low,4.0,1.0
CUST-00240,ZD-100207,2024-08-26T16:09:18.270817,pending,urgent,2.0,4.0
CUST-00686,ZD-100208,2024-08-23T16:09:18.270823,closed,urgent,6.0,1.0
CUST-00853,ZD-100209,2024-10-14T16:09:18.270829,pending,high,9.0,1.0
CUST-00706,ZD-100210,2025-02-13T16:09:18.270837,pending,urgent,3.0,3.0
CUST-00875,ZD-100211,2025-02-21T16:09:18.270845,open,high,1.0,1.0
CUST-00407,ZD-100212,2025-05-21T16:09:18.270851,solved,urgent,3.0,1.0
CUST-00678,ZD-100213,2025-07-25T16:09:18.270857,solved,low,10.0,4.0
CUST-00249,ZD-100214,2025-10-22T16:09:18.270863,closed,low,12.0,
CUST-00212,ZD-100215,2024-07-07T16:09:18.270868,closed,high,3.0,3.0
CUST-00807,ZD-100216,2026-02-25T16:09:18.270874,closed,normal,4.0,
CUST-00256,ZD-100217,2025-09-02T16:09:18.270880,solved,normal,1.0,1.0
CUST-00366,ZD-100218,2025-06-29T16:09:18.270885,open,low,9.0,3.0
CUST-00271,ZD-100219,2026-01-05T16:09:18.270891,pending,low,2.0,1.0
CUST-00487,ZD-100220,2024-11-25T16:09:18.270897,open,low,12.0,5.0
CUST-00515,ZD-100221,2025-07-16T16:09:18.270902,solved,high,9.0,5.0
CUST-00658,ZD-100222,2026-01-27T16:09:18.270908,pending,urgent,0.0,5.0
CUST-00702,ZD-100223,2025-11-09T16:09:18.270913,pending,low,7.0,1.0
CUST-00329,ZD-100224,2025-09-29T16:09:18.270919,closed,high,1.0,
CUST-00648,ZD-100225,2024-07-08T16:09:18.270924,open,urgent,8.0,
CUST-00543,ZD-100226,2025-05-02T16:09:18.270930,pending,low,7.0,1.0
CUST-00873,ZD-100227,2024-08-12T16:09:18.270936,closed,urgent,11.0,5.0
CUST-00909,ZD-100228,2025-07-09T16:09:18.270941,open,urgent,6.0,5.0
CUST-00425,ZD-100229,2025-11-22T16:09:18.270950,pending,high,5.0,4.0
CUST-00383,ZD-100230,2025-09-24T16:09:18.270955,pending,low,10.0,1.0
CUST-00851,ZD-100231,2025-12-02T16:09:18.270961,pending,low,1.0,4.0
CUST-00831,ZD-100232,2025-10-17T16:09:18.270966,solved,high,8.0,1.0
CUST-00420,ZD-100233,2025-03-02T16:09:18.270972,pending,low,13.0,4.0
CUST-00614,ZD-100234,2025-04-14T16:09:18.270978,solved,normal,5.0,3.0
CUST-00672,ZD-100235,2024-10-22T16:09:18.270984,solved,high,3.0,
CUST-00376,ZD-100236,2025-11-02T16:09:18.270989,open,normal,12.0,5.0
CUST-00865,ZD-100237,2024-08-02T16:09:18.270995,solved,high,12.0,1.0
CUST-00184,ZD-100238,2025-05-24T16:09:18.271001,open,high,11.0,4.0
CUST-00006,ZD-100239,2025-08-26T16:09:18.271006,closed,urgent,13.0,1.0
CUST-00145,ZD-100240,2026-01-27T16:09:18.271012,closed,urgent,1.0,5.0
CUST-00464,ZD-100241,2025-03-15T16:09:18.271018,open,high,2.0,4.0
CUST-00795,ZD-100242,2024-07-26T16:09:18.271023,solved,low,9.0,3.0
CUST-00161,ZD-100243,2026-01-08T16:09:18.271032,solved,high,10.0,5.0
CUST-00677,ZD-100244,2024-12-20T16:09:18.271037,pending,urgent,7.0,4.0
CUST-00220,ZD-100245,2024-09-21T16:09:18.271046,open,urgent,1.0,1.0
CUST-00290,ZD-100246,2024-10-17T16:09:18.271051,open,low,8.0,3.0
CUST-00404,ZD-100247,2026-01-02T16:09:18.271057,closed,high,0.0,3.0
CUST-00785,ZD-100248,2025-10-10T16:09:18.271062,open,high,12.0,4.0
CUST-00122,ZD-100249,2026-02-20T16:09:18.271075,pending,normal,7.0,3.0
CUST-00389,ZD-100250,2024-08-31T16:09:18.271081,closed,high,11.0,1.0
CUST-00406,ZD-100251,2026-01-15T16:09:18.271086,solved,urgent,6.0,1.0
CUST-00882,ZD-100252,2025-04-13T16:09:18.271092,pending,urgent,9.0,5.0
CUST-00296,ZD-100253,2025-11-02T16:09:18.271098,solved,high,6.0,3.0
CUST-00820,ZD-100254,2024-11-13T16:09:18.271103,open,low,13.0,5.0
CUST-00864,ZD-100255,2025-11-11T16:09:18.271109,pending,urgent,3.0,
CUST-00080,ZD-100256,2025-01-18T16:09:18.271115,open,high,13.0,3.0
CUST-00341,ZD-100257,2025-09-08T16:09:18.271120,solved,normal,1.0,4.0
CUST-00359,ZD-100258,2025-09-29T16:09:18.271126,solved,normal,3.0,4.0
CUST-00202,ZD-100259,2025-09-03T16:09:18.271132,closed,low,9.0,3.0
CUST-00974,ZD-100260,2024-10-10T16:09:18.271137,pending,high,7.0,4.0
CUST-00154,ZD-100261,2024-12-04T16:09:18.271144,pending,urgent,1.0,4.0
CUST-00815,ZD-100262,2025-05-22T16:09:18.271149,solved,high,9.0,
CUST-00075,ZD-100263,2025-04-16T16:09:18.271155,pending,low,7.0,1.0
CUST-00377,ZD-100264,2025-05-10T16:09:18.271160,solved,urgent,1.0,5.0
CUST-00594,ZD-100265,2024-08-09T16:09:18.271167,solved,urgent,12.0,
CUST-00667,ZD-100266,2025-08-19T16:09:18.271172,pending,normal,5.0,1.0
CUST-00461,ZD-100267,2025-11-14T16:09:18.271178,open,low,12.0,
CUST-00661,ZD-100268,2025-09-04T16:09:18.271186,closed,urgent,0.0,5.0
CUST-00536,ZD-100269,2024-09-10T16:09:18.271192,closed,high,9.0,4.0
CUST-00939,ZD-100270,2025-05-14T16:09:18.271198,pending,high,6.0,
CUST-00053,ZD-100271,2025-03-22T16:09:18.271204,open,low,1.0,
CUST-00694,ZD-100272,2025-01-28T16:09:18.271209,open,normal,4.0,4.0
CUST-00083,ZD-100273,2024-07-11T16:09:18.271215,closed,high,10.0,4.0
CUST-00990,ZD-100274,2025-01-22T16:09:18.271220,solved,high,2.0,
CUST-00385,ZD-100275,2025-03-28T16:09:18.271229,closed,low,13.0,5.0
CUST-00520,ZD-100276,2025-02-22T16:09:18.271235,open,high,0.0,3.0
CUST-00973,ZD-100277,2025-07-23T16:09:18.271240,pending,normal,5.0,3.0
CUST-00140,ZD-100278,2025-09-22T16:09:18.271246,open,low,1.0,
CUST-00789,ZD-100279,2024-08-24T16:09:18.271252,solved,high,13.0,
CUST-00134,ZD-100280,2025-02-07T16:09:18.271271,closed,normal,2.0,
CUST-00828,ZD-100281,2025-09-11T16:09:18.271283,pending,low,11.0,5.0
CUST-00373,ZD-100282,2025-06-29T16:09:18.271290,open,urgent,7.0,3.0
CUST-00546,ZD-100283,2025-06-28T16:09:18.271296,pending,normal,4.0,4.0
CUST-00694,ZD-100284,2024-07-23T16:09:18.271301,pending,high,7.0,5.0
CUST-00514,ZD-100285,2024-09-05T16:09:18.271307,closed,normal,6.0,
CUST-00141,ZD-100286,2025-06-16T16:09:18.271312,pending,high,0.0,
CUST-00956,ZD-100287,2025-11-14T16:09:18.271318,solved,high,11.0,1.0
CUST-00781,ZD-100288,2025-09-16T16:09:18.271328,pending,normal,4.0,5.0
CUST-00093,ZD-100289,2025-07-15T16:09:18.271334,pending,high,13.0,1.0
CUST-00424,ZD-100290,2026-01-04T16:09:18.271340,open,normal,6.0,5.0
CUST-00083,ZD-100291,2025-02-09T16:09:18.271346,solved,high,3.0,1.0
CUST-00859,ZD-100292,2025-03-21T16:09:18.271351,closed,normal,12.0,1.0
CUST-00293,ZD-100293,2024-11-01T16:09:18.271357,closed,urgent,11.0,5.0
CUST-00630,ZD-100294,2026-02-22T16:09:18.271363,solved,low,14.0,4.0
CUST-00220,ZD-100295,2025-09-27T16:09:18.271368,pending,low,8.0,4.0
CUST-00243,ZD-100296,2025-04-25T16:09:18.271377,solved,normal,1.0,5.0
CUST-00654,ZD-100297,2024-11-16T16:09:18.271383,solved,urgent,1.0,
CUST-00548,ZD-100298,2026-02-11T16:09:18.271389,closed,normal,10.0,4.0
CUST-00439,ZD-100299,2026-02-26T16:09:18.271394,open,normal,9.0,
CUST-00426,ZD-100300,2025-08-20T16:09:18.271400,solved,high,10.0,1.0
CUST-00976,ZD-100301,2024-09-07T16:09:18.271405,solved,urgent,8.0,5.0
CUST-00044,ZD-100302,2025-01-27T16:09:18.271411,open,low,5.0,4.0
CUST-00807,ZD-100303,2025-12-20T16:09:18.271417,closed,low,5.0,
CUST-00752,ZD-100304,2025-03-24T16:09:18.271422,solved,high,2.0,
CUST-00346,ZD-100305,2025-09-01T16:09:18.271427,pending,urgent,13.0,3.0
CUST-00830,ZD-100306,2025-10-12T16:09:18.271436,pending,low,1.0,4.0
CUST-00206,ZD-100307,2026-01-14T16:09:18.271444,closed,low,12.0,4.0
CUST-00955,ZD-100308,2025-04-16T16:09:18.271450,pending,urgent,8.0,4.0
CUST-00037,ZD-100309,2025-08-16T16:09:18.271456,open,low,4.0,4.0
CUST-00279,ZD-100310,2025-10-23T16:09:18.271462,open,urgent,12.0,5.0
CUST-00761,ZD-100311,2024-12-04T16:09:18.271468,pending,high,14.0,3.0
CUST-00508,ZD-100312,2024-10-06T16:09:18.271473,open,low,5.0,5.0
CUST-00080,ZD-100313,2024-12-14T16:09:18.271479,closed,high,9.0,4.0
CUST-00105,ZD-100314,2025-12-08T16:09:18.271484,open,high,5.0,5.0
CUST-00617,ZD-100315,2024-12-18T16:09:18.271490,pending,high,2.0,5.0
CUST-00043,ZD-100316,2025-03-03T16:09:18.271495,pending,high,9.0,1.0
CUST-00076,ZD-100317,2025-01-08T16:09:18.271501,closed,low,5.0,3.0
CUST-00869,ZD-100318,2024-12-06T16:09:18.271507,closed,low,0.0,3.0
CUST-00797,ZD-100319,2025-02-17T16:09:18.271512,pending,low,5.0,
CUST-00157,ZD-100320,2024-11-24T16:09:18.271518,open,urgent,5.0,1.0
CUST-00587,ZD-100321,2025-10-10T16:09:18.271523,open,urgent,8.0,4.0
CUST-00665,ZD-100322,2025-05-18T16:09:18.271529,solved,low,3.0,3.0
CUST-00511,ZD-100323,2024-09-15T16:09:18.271534,solved,high,6.0,4.0
CUST-00720,ZD-100324,2024-11-28T16:09:18.271540,open,urgent,3.0,3.0
CUST-00125,ZD-100325,2025-10-12T16:09:18.271545,solved,urgent,13.0,3.0
CUST-00920,ZD-100326,2024-11-29T16:09:18.271551,open,high,1.0,1.0
CUST-00563,ZD-100327,2024-08-21T16:09:18.271559,open,normal,4.0,3.0
CUST-00812,ZD-100328,2025-02-22T16:09:18.271565,closed,low,8.0,3.0
CUST-00811,ZD-100329,2025-10-08T16:09:18.271571,pending,low,3.0,4.0
CUST-00567,ZD-100330,2024-07-21T16:09:18.271576,pending,normal,5.0,
CUST-00905,ZD-100331,2025-12-01T16:09:18.271582,open,urgent,1.0,5.0
CUST-00538,ZD-100332,2025-01-03T16:09:18.271588,pending,low,12.0,3.0
CUST-00995,ZD-100333,2025-04-09T16:09:18.271594,solved,urgent,10.0,5.0
CUST-00696,ZD-100334,2024-09-16T16:09:18.271599,closed,normal,5.0,3.0
CUST-00443,ZD-100335,2024-10-01T16:09:18.271605,solved,low,14.0,
CUST-00156,ZD-100336,2025-04-22T16:09:18.271610,closed,high,2.0,3.0
CUST-00354,ZD-100337,2024-09-14T16:09:18.271616,open,low,14.0,4.0
CUST-00201,ZD-100338,2024-08-12T16:09:18.271624,closed,high,4.0,
CUST-00546,ZD-100339,2025-11-24T16:09:18.271630,closed,normal,8.0,3.0
CUST-00674,ZD-100340,2025-03-19T16:09:18.271636,solved,low,13.0,1.0
CUST-00046,ZD-100341,2024-07-17T16:09:18.271642,closed,urgent,4.0,
CUST-00654,ZD-100342,2026-01-27T16:09:18.271647,open,high,7.0,5.0
CUST-00250,ZD-100343,2025-01-08T16:09:18.271653,pending,low,4.0,1.0
CUST-00161,ZD-100344,2024-12-04T16:09:18.271659,pending,urgent,6.0,3.0
CUST-00348,ZD-100345,2025-10-03T16:09:18.271664,open,high,5.0,5.0
CUST-00133,ZD-100346,2025-02-13T16:09:18.271672,solved,high,8.0,3.0
CUST-00477,ZD-100347,2025-10-25T16:09:18.271678,pending,normal,4.0,3.0
CUST-00099,ZD-100348,2026-01-07T16:09:18.271687,pending,urgent,4.0,3.0
CUST-00985,ZD-100349,2025-09-17T16:09:18.271693,open,high,13.0,3.0
CUST-00781,ZD-100350,2025-09-17T16:09:18.271699,pending,urgent,7.0,4.0
CUST-00509,ZD-100351,2026-02-04T16:09:18.271704,pending,urgent,1.0,3.0
CUST-00220,ZD-100352,2024-07-10T16:09:18.271710,solved,low,5.0,4.0
CUST-00506,ZD-100353,2024-11-03T16:09:18.271715,solved,low,4.0,5.0
CUST-00137,ZD-100354,2025-06-02T16:09:18.271721,open,urgent,11.0,4.0
CUST-00046,ZD-100355,2025-01-13T16:09:18.271726,closed,high,0.0,
CUST-00295,ZD-100356,2025-12-14T16:09:18.271732,pending,high,6.0,
CUST-00696,ZD-100357,2025-10-29T16:09:18.271738,solved,urgent,2.0,4.0
CUST-00813,ZD-100358,2025-03-17T16:09:18.271743,open,normal,8.0,3.0
CUST-00616,ZD-100359,2024-09-24T16:09:18.271748,solved,low,6.0,1.0
CUST-00140,ZD-100360,2025-03-23T16:09:18.271754,pending,urgent,12.0,3.0
CUST-00620,ZD-100361,2024-09-18T16:09:18.271760,open,high,2.0,3.0
CUST-00402,ZD-100362,2025-04-27T16:09:18.271765,open,urgent,9.0,
CUST-00306,ZD-100363,2024-10-29T16:09:18.271771,solved,high,13.0,4.0
CUST-00689,ZD-100364,2025-11-07T16:09:18.271777,open,low,6.0,
CUST-00485,ZD-100365,2025-06-01T16:09:18.271782,closed,low,10.0,
CUST-00491,ZD-100366,2025-09-06T16:09:18.271791,pending,normal,8.0,3.0
CUST-00032,ZD-100367,2024-07-21T16:09:18.271797,solved,normal,11.0,1.0
CUST-00451,ZD-100368,2025-04-12T16:09:18.271803,closed,urgent,6.0,3.0
CUST-00420,ZD-100369,2024-10-02T16:09:18.271808,pending,low,12.0,3.0
CUST-00531,ZD-100370,2025-07-30T16:09:18.271817,open,urgent,8.0,
CUST-00385,ZD-100371,2025-04-12T16:09:18.271823,pending,high,2.0,
CUST-00362,ZD-100372,2025-06-02T16:09:18.271828,pending,normal,9.0,3.0
CUST-00285,ZD-100373,2024-08-05T16:09:18.271834,closed,high,4.0,4.0
CUST-00721,ZD-100374,2025-07-30T16:09:18.271840,pending,high,11.0,5.0
CUST-00357,ZD-100375,2024-08-03T16:09:18.271845,open,high,14.0,1.0
CUST-00587,ZD-100376,2024-08-20T16:09:18.271851,pending,high,6.0,3.0
CUST-00297,ZD-100377,2026-01-15T16:09:18.271857,solved,high,4.0,5.0
CUST-00671,ZD-100378,2025-06-10T16:09:18.271862,pending,normal,11.0,3.0
CUST-00847,ZD-100379,2024-08-25T16:09:18.271868,open,normal,4.0,1.0
CUST-00630,ZD-100380,2024-07-07T16:09:18.271873,closed,low,3.0,
CUST-00231,ZD-100381,2025-07-04T16:09:18.271879,solved,urgent,0.0,4.0
CUST-00734,ZD-100382,2024-11-01T16:09:18.271884,closed,low,1.0,
CUST-00951,ZD-100383,2025-09-19T16:09:18.271890,pending,urgent,6.0,3.0
CUST-00774,ZD-100384,2025-05-09T16:09:18.271896,open,low,5.0,1.0
CUST-00667,ZD-100385,2024-07-20T16:09:18.271904,solved,normal,3.0,5.0
CUST-00903,ZD-100386,2025-08-31T16:09:18.271910,solved,urgent,14.0,5.0
CUST-00190,ZD-100387,2025-05-07T16:09:18.271916,solved,low,14.0,4.0
CUST-00581,ZD-100388,2025-11-10T16:09:18.271922,open,high,14.0,5.0
CUST-00656,ZD-100389,2024-08-20T16:09:18.271927,pending,normal,8.0,
CUST-00479,ZD-100390,2025-05-24T16:09:18.271933,solved,high,3.0,3.0
CUST-00748,ZD-100391,2024-11-15T16:09:18.271938,open,normal,10.0,1.0
CUST-00754,ZD-100392,2025-03-19T16:09:18.271944,open,normal,12.0,3.0
CUST-00625,ZD-100393,2025-01-08T16:09:18.271949,pending,high,13.0,1.0
CUST-00410,ZD-100394,2025-11-22T16:09:18.271955,closed,urgent,2.0,4.0
CUST-00958,ZD-100395,2025-06-18T16:09:18.271960,open,urgent,0.0,3.0
CUST-00457,ZD-100396,2025-05-30T16:09:18.271966,open,low,5.0,4.0
CUST-00669,ZD-100397,2025-02-24T16:09:18.271972,closed,low,11.0,1.0
CUST-00476,ZD-100398,2025-04-19T16:09:18.271980,pending,high,2.0,1.0
CUST-00654,ZD-100399,2025-05-01T16:09:18.271986,closed,normal,5.0,3.0
CUST-00489,ZD-100400,2025-09-24T16:09:18.271992,open,urgent,7.0,
CUST-00934,ZD-100401,2024-11-02T16:09:18.271997,closed,normal,12.0,
CUST-00894,ZD-100402,2025-12-06T16:09:18.272009,pending,high,8.0,1.0
CUST-00939,ZD-100403,2024-07-30T16:09:18.272015,solved,normal,1.0,
CUST-00549,ZD-100404,2025-09-27T16:09:18.272021,open,urgent,2.0,1.0
CUST-00696,ZD-100405,2025-08-01T16:09:18.272029,pending,low,11.0,
CUST-00456,ZD-100406,2026-01-02T16:09:18.272035,closed,urgent,7.0,5.0
CUST-00577,ZD-100407,2025-12-30T16:09:18.272040,pending,high,8.0,1.0
CUST-00405,ZD-100408,2025-06-12T16:09:18.272046,solved,normal,13.0,
CUST-00074,ZD-100409,2026-01-12T16:09:18.272051,open,low,6.0,
CUST-00061,ZD-100410,2025-12-19T16:09:18.272057,pending,low,14.0,4.0
CUST-00418,ZD-100411,2025-08-27T16:09:18.272063,closed,urgent,12.0,4.0
CUST-00912,ZD-100412,2025-02-01T16:09:18.272069,pending,urgent,7.0,1.0
CUST-00699,ZD-100413,2024-08-24T16:09:18.272074,open,low,2.0,3.0
CUST-00550,ZD-100414,2025-01-21T16:09:18.272080,closed,normal,8.0,1.0
CUST-00774,ZD-100415,2026-02-04T16:09:18.272085,pending,urgent,4.0,
CUST-00388,ZD-100416,2025-07-07T16:09:18.272091,pending,high,3.0,3.0
CUST-00282,ZD-100417,2025-08-18T16:09:18.272097,solved,low,14.0,5.0
CUST-00629,ZD-100418,2026-02-11T16:09:18.272102,closed,low,3.0,1.0
CUST-00608,ZD-100419,2026-01-24T16:09:18.272108,solved,normal,7.0,1.0
CUST-00411,ZD-100420,2024-12-05T16:09:18.272113,closed,low,3.0,3.0
CUST-00515,ZD-100421,2025-05-07T16:09:18.272119,open,high,3.0,3.0
CUST-00309,ZD-100422,2025-10-04T16:09:18.272125,closed,urgent,10.0,4.0
CUST-00281,ZD-100423,2025-12-27T16:09:18.272131,closed,urgent,8.0,
CUST-00507,ZD-100424,2026-01-10T16:09:18.272139,pending,high,5.0,5.0
CUST-00418,ZD-100425,2025-09-28T16:09:18.272145,pending,normal,4.0,
CUST-00484,ZD-100426,2025-06-26T16:09:18.272151,closed,high,13.0,3.0
CUST-00825,ZD-100427,2024-11-10T16:09:18.272156,solved,urgent,14.0,5.0
CUST-00570,ZD-100428,2024-09-03T16:09:18.272162,pending,normal,2.0,4.0
CUST-00208,ZD-100429,2025-03-26T16:09:18.272167,solved,urgent,10.0,4.0
CUST-00094,ZD-100430,2024-08-28T16:09:18.272173,closed,low,11.0,4.0
CUST-00386,ZD-100431,2026-01-18T16:09:18.272179,solved,normal,13.0,
CUST-00741,ZD-100432,2024-08-04T16:09:18.272184,pending,normal,3.0,4.0
CUST-00310,ZD-100433,2026-02-12T16:09:18.272190,closed,low,3.0,5.0
CUST-00936,ZD-100434,2025-06-24T16:09:18.272199,closed,urgent,11.0,3.0
CUST-00565,ZD-100435,2025-04-04T16:09:18.272204,open,urgent,12.0,5.0
CUST-00546,ZD-100436,2025-02-25T16:09:18.272210,open,high,4.0,
CUST-00903,ZD-100437,2024-10-06T16:09:18.272215,solved,urgent,7.0,4.0
CUST-00936,ZD-100438,2025-08-03T16:09:18.272221,open,urgent,5.0,1.0
CUST-00576,ZD-100439,2025-07-16T16:09:18.272226,closed,low,11.0,4.0
CUST-00566,ZD-100440,2024-07-09T16:09:18.272232,pending,high,9.0,3.0
CUST-00200,ZD-100441,2025-03-27T16:09:18.272237,pending,normal,3.0,5.0
CUST-00563,ZD-100442,2025-03-19T16:09:18.272243,pending,urgent,4.0,5.0
CUST-00172,ZD-100443,2025-03-04T16:09:18.272249,closed,urgent,2.0,3.0
CUST-00938,ZD-100444,2024-08-21T16:09:18.272257,solved,low,10.0,1.0
CUST-00967,ZD-100445,2026-01-09T16:09:18.272282,solved,urgent,12.0,3.0
CUST-00862,ZD-100446,2025-07-06T16:09:18.272289,closed,low,1.0,3.0
CUST-00517,ZD-100447,2024-11-18T16:09:18.272295,solved,urgent,5.0,5.0
CUST-00016,ZD-100448,2026-02-21T16:09:18.272301,pending,low,8.0,1.0
CUST-00542,ZD-100449,2025-05-22T16:09:18.272311,open,low,8.0,
CUST-00832,ZD-100450,2024-12-14T16:09:18.272317,closed,low,12.0,1.0
CUST-00536,ZD-100451,2025-09-28T16:09:18.272323,closed,high,3.0,4.0
CUST-00273,ZD-100452,2025-01-17T16:09:18.272329,open,urgent,1.0,5.0
CUST-00578,ZD-100453,2025-06-23T16:09:18.272334,closed,high,11.0,1.0
CUST-00669,ZD-100454,2026-01-26T16:09:18.272340,pending,urgent,1.0,5.0
CUST-00565,ZD-100455,2024-10-28T16:09:18.272346,solved,normal,0.0,1.0
CUST-00511,ZD-100456,2024-12-10T16:09:18.272351,open,low,10.0,
CUST-00941,ZD-100457,2026-01-15T16:09:18.272358,closed,urgent,3.0,4.0
CUST-00047,ZD-100458,2025-12-13T16:09:18.272364,open,low,10.0,3.0
CUST-00951,ZD-100459,2025-04-11T16:09:18.272370,closed,normal,0.0,5.0
CUST-00951,ZD-100460,2025-12-11T16:09:18.272375,closed,normal,4.0,
CUST-00854,ZD-100461,2025-01-25T16:09:18.272381,open,urgent,10.0,3.0
CUST-00809,ZD-100462,2025-12-09T16:09:18.272387,open,low,8.0,1.0
CUST-00447,ZD-100463,2025-07-05T16:09:18.272396,solved,high,13.0,
CUST-00787,ZD-100464,2025-01-17T16:09:18.272401,open,low,12.0,4.0
CUST-00802,ZD-100465,2024-11-23T16:09:18.272407,closed,high,7.0,
CUST-00963,ZD-100466,2025-02-08T16:09:18.272416,closed,urgent,6.0,1.0
CUST-00790,ZD-100467,2025-05-01T16:09:18.272421,closed,low,12.0,1.0
CUST-00274,ZD-100468,2025-09-23T16:09:18.272427,closed,urgent,6.0,4.0
CUST-00369,ZD-100469,2025-11-10T16:09:18.272433,solved,high,1.0,5.0
CUST-00368,ZD-100470,2025-05-27T16:09:18.272438,closed,low,1.0,3.0
CUST-00441,ZD-100471,2024-11-25T16:09:18.272444,pending,low,8.0,1.0
CUST-00091,ZD-100472,2025-03-02T16:09:18.272449,solved,high,8.0,5.0
CUST-00012,ZD-100473,2025-05-05T16:09:18.272455,pending,low,6.0,
CUST-00926,ZD-100474,2025-06-24T16:09:18.272461,closed,urgent,9.0,3.0
CUST-00142,ZD-100475,2025-05-28T16:09:18.272466,open,urgent,4.0,3.0
CUST-00064,ZD-100476,2025-09-09T16:09:18.272472,open,urgent,6.0,4.0
CUST-00495,ZD-100477,2025-12-11T16:09:18.272477,open,normal,5.0,5.0
CUST-00608,ZD-100478,2025-08-11T16:09:18.272483,solved,normal,7.0,4.0
CUST-00006,ZD-100479,2025-01-18T16:09:18.272488,pending,high,5.0,5.0
CUST-00342,ZD-100480,2024-12-14T16:09:18.272494,closed,high,13.0,4.0
CUST-00617,ZD-100481,2025-08-06T16:09:18.272500,open,normal,7.0,5.0
CUST-00991,ZD-100482,2025-04-07T16:09:18.272506,pending,normal,4.0,4.0
CUST-00385,ZD-100483,2025-05-16T16:09:18.272514,pending,high,13.0,1.0
CUST-00954,ZD-100484,2024-07-30T16:09:18.272520,closed,low,3.0,5.0
CUST-00965,ZD-100485,2025-07-28T16:09:18.272526,open,low,7.0,5.0
CUST-00689,ZD-100486,2024-10-04T16:09:18.272532,open,normal,2.0,4.0
CUST-00674,ZD-100487,2025-09-23T16:09:18.272537,pending,urgent,11.0,1.0
CUST-00459,ZD-100488,2024-10-25T16:09:18.272543,pending,urgent,9.0,
CUST-00037,ZD-100489,2025-02-24T16:09:18.272549,solved,low,11.0,3.0
CUST-00673,ZD-100490,2025-03-01T16:09:18.272555,solved,urgent,2.0,4.0
CUST-00988,ZD-100491,2024-12-14T16:09:18.272561,solved,low,1.0,4.0
CUST-00227,ZD-100492,2024-09-23T16:09:18.272566,closed,urgent,11.0,4.0
CUST-00400,ZD-100493,2024-11-10T16:09:18.272572,closed,high,12.0,1.0
CUST-00494,ZD-100494,2025-11-12T16:09:18.272577,pending,low,4.0,1.0
CUST-00851,ZD-100495,2025-10-05T16:09:18.272583,open,high,5.0,5.0
CUST-00803,ZD-100496,2025-07-31T16:09:18.272588,pending,high,8.0,5.0
CUST-00099,ZD-100497,2024-12-06T16:09:18.272594,pending,high,11.0,1.0
CUST-00307,ZD-100498,2026-01-13T16:09:18.272602,solved,low,12.0,4.0
CUST-00663,ZD-100499,2025-11-08T16:09:18.272608,closed,normal,10.0,
CUST-00178,ZD-100500,2024-08-11T16:09:18.272616,open,urgent,2.0,5.0
CUST-00237,ZD-100501,2025-01-09T16:09:18.272622,closed,normal,10.0,5.0
CUST-00405,ZD-100502,2026-01-29T16:09:18.272630,closed,urgent,11.0,
CUST-00439,ZD-100503,2025-01-25T16:09:18.272636,closed,normal,0.0,4.0
CUST-00770,ZD-100504,2025-12-25T16:09:18.272642,solved,normal,9.0,4.0
CUST-00333,ZD-100505,2025-08-10T16:09:18.272647,solved,high,7.0,5.0
CUST-00540,ZD-100506,2025-04-13T16:09:18.272653,pending,urgent,9.0,
CUST-00116,ZD-100507,2025-03-08T16:09:18.272658,pending,normal,5.0,4.0
CUST-00940,ZD-100508,2025-12-03T16:09:18.272664,closed,high,10.0,1.0
CUST-00244,ZD-100509,2025-04-21T16:09:18.272670,closed,high,1.0,3.0
CUST-00523,ZD-100510,2025-01-26T16:09:18.272676,closed,urgent,6.0,5.0
CUST-00190,ZD-100511,2024-10-17T16:09:18.272681,closed,normal,10.0,5.0
CUST-00295,ZD-100512,2025-10-07T16:09:18.272687,open,urgent,2.0,
CUST-00054,ZD-100513,2025-02-25T16:09:18.272692,pending,normal,0.0,3.0
CUST-00834,ZD-100514,2025-01-30T16:09:18.272698,pending,urgent,8.0,5.0
CUST-00425,ZD-100515,2024-11-30T16:09:18.272703,closed,low,7.0,
CUST-00031,ZD-100516,2025-07-17T16:09:18.272709,solved,high,4.0,3.0
CUST-00550,ZD-100517,2025-05-08T16:09:18.272714,pending,urgent,2.0,
CUST-00523,ZD-100518,2025-11-04T16:09:18.272720,solved,high,9.0,
CUST-00843,ZD-100519,2025-02-17T16:09:18.272726,solved,urgent,8.0,
CUST-00223,ZD-100520,2024-12-19T16:09:18.272731,closed,high,1.0,1.0
CUST-00460,ZD-100521,2025-06-03T16:09:18.272737,solved,urgent,5.0,1.0
CUST-00794,ZD-100522,2025-06-30T16:09:18.272746,open,urgent,3.0,3.0
CUST-00630,ZD-100523,2025-10-08T16:09:18.272752,closed,normal,12.0,1.0
CUST-00583,ZD-100524,2025-03-05T16:09:18.272758,open,normal,8.0,4.0
CUST-00720,ZD-100525,2025-05-04T16:09:18.272763,open,low,4.0,3.0
CUST-00985,ZD-100526,2025-01-02T16:09:18.272769,solved,high,14.0,3.0
CUST-00718,ZD-100527,2025-10-15T16:09:18.272775,closed,high,3.0,3.0
CUST-00779,ZD-100528,2025-01-21T16:09:18.272781,closed,high,7.0,5.0
CUST-00384,ZD-100529,2024-11-22T16:09:18.272787,solved,urgent,1.0,
CUST-00767,ZD-100530,2025-05-19T16:09:18.272796,open,urgent,11.0,5.0
CUST-00335,ZD-100531,2024-07-12T16:09:18.272801,solved,urgent,0.0,4.0
CUST-00870,ZD-100532,2025-12-25T16:09:18.272807,pending,normal,12.0,5.0
CUST-00844,ZD-100533,2025-07-26T16:09:18.272813,open,high,7.0,4.0
CUST-00345,ZD-100534,2024-08-16T16:09:18.272818,closed,urgent,9.0,4.0
CUST-00915,ZD-100535,2026-01-09T16:09:18.272824,solved,urgent,0.0,1.0
CUST-00127,ZD-100536,2025-09-19T16:09:18.272829,pending,low,7.0,5.0
CUST-00207,ZD-100537,2025-10-15T16:09:18.272891,open,normal,14.0,4.0
CUST-00095,ZD-100538,2025-02-23T16:09:18.272917,solved,high,4.0,3.0
CUST-00053,ZD-100539,2025-01-18T16:09:18.272927,open,normal,10.0,5.0
CUST-00671,ZD-100540,2025-11-26T16:09:18.272933,solved,low,11.0,3.0
CUST-00488,ZD-100541,2025-12-10T16:09:18.272944,closed,urgent,2.0,1.0
CUST-00008,ZD-100542,2025-03-13T16:09:18.272950,solved,urgent,13.0,3.0
CUST-00489,ZD-100543,2025-12-17T16:09:18.272956,pending,low,3.0,1.0
CUST-00105,ZD-100544,2025-04-13T16:09:18.272961,open,normal,5.0,5.0
CUST-00792,ZD-100545,2025-10-14T16:09:18.272967,closed,low,10.0,
CUST-00576,ZD-100546,2026-02-19T16:09:18.272973,closed,urgent,9.0,4.0
CUST-00739,ZD-100547,2025-07-24T16:09:18.272978,closed,urgent,10.0,
CUST-00703,ZD-100548,2024-12-01T16:09:18.272983,closed,low,13.0,1.0
CUST-00143,ZD-100549,2025-10-24T16:09:18.272989,pending,high,9.0,5.0
CUST-00322,ZD-100550,2025-10-07T16:09:18.272995,open,low,3.0,3.0
CUST-00566,ZD-100551,2025-05-12T16:09:18.273000,solved,high,12.0,3.0
CUST-00530,ZD-100552,2024-09-24T16:09:18.273013,pending,high,3.0,1.0
CUST-00802,ZD-100553,2025-06-27T16:09:18.273019,pending,low,7.0,3.0
CUST-00511,ZD-100554,2025-12-17T16:09:18.273028,solved,high,8.0,4.0
CUST-00135,ZD-100555,2025-01-27T16:09:18.273034,pending,high,13.0,
CUST-00699,ZD-100556,2025-09-04T16:09:18.273041,pending,low,12.0,1.0
CUST-00601,ZD-100557,2025-12-20T16:09:18.273047,open,normal,0.0,1.0
CUST-00944,ZD-100558,2025-12-28T16:09:18.273053,pending,high,12.0,
CUST-00785,ZD-100559,2024-12-29T16:09:18.273059,pending,low,6.0,
CUST-00550,ZD-100560,2025-09-24T16:09:18.273064,solved,high,4.0,1.0
CUST-00523,ZD-100561,2025-08-03T16:09:18.273076,closed,high,12.0,5.0
CUST-00600,ZD-100562,2025-12-22T16:09:18.273083,pending,normal,4.0,1.0
CUST-00250,ZD-100563,2025-12-01T16:09:18.273089,pending,low,14.0,5.0
CUST-00626,ZD-100564,2026-01-02T16:09:18.273094,closed,low,4.0,1.0
CUST-00724,ZD-100565,2025-10-10T16:09:18.273100,solved,normal,11.0,5.0
CUST-00975,ZD-100566,2025-03-09T16:09:18.273105,open,normal,8.0,4.0
CUST-00129,ZD-100567,2025-05-28T16:09:18.273111,solved,low,11.0,4.0
CUST-00826,ZD-100568,2024-12-15T16:09:18.273116,solved,high,4.0,
CUST-00642,ZD-100569,2025-12-11T16:09:18.273122,pending,high,7.0,1.0
CUST-00511,ZD-100570,2024-07-27T16:09:18.273127,open,normal,2.0,4.0
CUST-00791,ZD-100571,2025-11-14T16:09:18.273133,solved,normal,14.0,
CUST-00002,ZD-100572,2026-01-13T16:09:18.273138,solved,normal,13.0,1.0
CUST-00483,ZD-100573,2025-02-20T16:09:18.273144,closed,normal,6.0,1.0
CUST-00566,ZD-100574,2024-12-25T16:09:18.273149,open,normal,3.0,5.0
CUST-00937,ZD-100575,2025-04-06T16:09:18.273155,solved,high,4.0,1.0
CUST-00514,ZD-100576,2026-01-05T16:09:18.273160,closed,low,2.0,5.0
CUST-00070,ZD-100577,2024-11-08T16:09:18.273166,open,high,13.0,4.0
CUST-00088,ZD-100578,2024-08-10T16:09:18.273172,solved,high,7.0,3.0
CUST-00298,ZD-100579,2024-07-30T16:09:18.273177,open,normal,12.0,5.0
CUST-00377,ZD-100580,2024-10-10T16:09:18.273185,closed,normal,12.0,3.0
CUST-00006,ZD-100581,2025-01-04T16:09:18.273191,closed,high,0.0,1.0
CUST-00973,ZD-100582,2025-03-21T16:09:18.273197,pending,high,0.0,1.0
CUST-00210,ZD-100583,2024-09-03T16:09:18.273203,pending,urgent,3.0,1.0
CUST-00995,ZD-100584,2025-10-05T16:09:18.273208,open,low,11.0,1.0
CUST-00943,ZD-100585,2025-07-05T16:09:18.273214,pending,high,14.0,5.0
CUST-00997,ZD-100586,2025-12-03T16:09:18.273219,solved,normal,9.0,5.0
CUST-00076,ZD-100587,2024-07-26T16:09:18.273225,pending,normal,0.0,3.0
CUST-00298,ZD-100588,2025-06-05T16:09:18.273230,open,urgent,13.0,4.0
CUST-00325,ZD-100589,2024-11-21T16:09:18.273236,closed,low,4.0,3.0
CUST-00139,ZD-100590,2024-07-09T16:09:18.273241,closed,low,1.0,3.0
CUST-00460,ZD-100591,2024-11-07T16:09:18.273246,pending,low,5.0,
CUST-00366,ZD-100592,2025-07-30T16:09:18.273252,open,urgent,7.0,4.0
CUST-00872,ZD-100593,2025-10-28T16:09:18.273273,closed,high,1.0,
CUST-00041,ZD-100594,2025-07-22T16:09:18.273286,open,normal,13.0,1.0
CUST-00728,ZD-100595,2025-06-18T16:09:18.273293,pending,low,5.0,4.0
CUST-00266,ZD-100596,2025-09-02T16:09:18.273299,pending,urgent,0.0,
CUST-00766,ZD-100597,2024-08-13T16:09:18.273305,solved,urgent,3.0,1.0
CUST-00823,ZD-100598,2025-10-07T16:09:18.273311,solved,low,1.0,3.0
CUST-00133,ZD-100599,2025-08-09T16:09:18.273316,pending,high,13.0,1.0
CUST-00596,ZD-100600,2024-07-07T16:09:18.273326,solved,low,4.0,1.0
CUST-00202,ZD-100601,2024-11-30T16:09:18.273332,closed,low,12.0,4.0
CUST-00125,ZD-100602,2026-01-15T16:09:18.273341,solved,normal,7.0,
CUST-00443,ZD-100603,2025-01-19T16:09:18.273347,solved,urgent,7.0,5.0
CUST-00176,ZD-100604,2025-03-02T16:09:18.273353,closed,high,3.0,4.0
CUST-00456,ZD-100605,2025-09-28T16:09:18.273358,closed,high,0.0,5.0
CUST-00421,ZD-100606,2024-08-13T16:09:18.273364,solved,low,7.0,4.0
CUST-00392,ZD-100607,2025-10-10T16:09:18.273387,closed,normal,6.0,
CUST-00813,ZD-100608,2026-02-08T16:09:18.273394,open,urgent,6.0,
CUST-00800,ZD-100609,2024-10-19T16:09:18.273400,open,urgent,5.0,4.0
CUST-00184,ZD-100610,2026-02-01T16:09:18.273406,closed,low,5.0,4.0
CUST-00059,ZD-100611,2024-11-01T16:09:18.273412,open,normal,8.0,3.0
CUST-00102,ZD-100612,2025-06-19T16:09:18.273417,closed,high,10.0,
CUST-00835,ZD-100613,2026-01-01T16:09:18.273423,closed,urgent,12.0,4.0
CUST-00957,ZD-100614,2025-09-03T16:09:18.273429,closed,high,2.0,4.0
CUST-00935,ZD-100615,2026-01-30T16:09:18.273435,open,normal,11.0,
CUST-00971,ZD-100616,2025-08-19T16:09:18.273440,pending,high,13.0,3.0
CUST-00502,ZD-100617,2026-01-20T16:09:18.273446,solved,normal,1.0,
CUST-00224,ZD-100618,2026-02-07T16:09:18.273451,pending,low,8.0,4.0
CUST-00939,ZD-100619,2025-08-05T16:09:18.273466,closed,high,12.0,3.0
CUST-00940,ZD-100620,2025-04-02T16:09:18.273472,solved,normal,0.0,
CUST-00721,ZD-100621,2025-10-05T16:09:18.273478,solved,high,12.0,1.0
CUST-00382,ZD-100622,2025-01-18T16:09:18.273483,solved,high,9.0,4.0
CUST-00330,ZD-100623,2025-10-11T16:09:18.273489,pending,urgent,2.0,4.0
CUST-00178,ZD-100624,2024-08-01T16:09:18.273495,open,normal,11.0,
CUST-00834,ZD-100625,2025-09-01T16:09:18.273504,open,high,6.0,3.0
CUST-00181,ZD-100626,2026-02-26T16:09:18.273509,pending,low,11.0,3.0
CUST-00616,ZD-100627,2025-04-08T16:09:18.273515,closed,low,14.0,5.0
CUST-00144,ZD-100628,2025-03-25T16:09:18.273521,solved,normal,11.0,4.0
CUST-00327,ZD-100629,2025-09-09T16:09:18.273527,solved,high,10.0,5.0
CUST-00011,ZD-100630,2025-06-01T16:09:18.273533,closed,low,3.0,4.0
CUST-00262,ZD-100631,2025-11-09T16:09:18.273538,solved,low,11.0,5.0
CUST-00448,ZD-100632,2024-12-25T16:09:18.273544,pending,urgent,2.0,5.0
CUST-00359,ZD-100633,2024-08-17T16:09:18.273549,solved,urgent,6.0,
CUST-00666,ZD-100634,2025-07-12T16:09:18.273555,pending,low,2.0,1.0
CUST-00301,ZD-100635,2026-02-07T16:09:18.273561,open,low,5.0,1.0
CUST-00350,ZD-100636,2025-09-06T16:09:18.273566,pending,normal,14.0,1.0
CUST-00560,ZD-100637,2025-11-24T16:09:18.273572,pending,low,5.0,5.0
CUST-00965,ZD-100638,2025-09-12T16:09:18.273577,pending,normal,9.0,1.0
CUST-00103,ZD-100639,2025-03-25T16:09:18.273586,closed,urgent,3.0,
CUST-00739,ZD-100640,2024-08-23T16:09:18.273592,open,high,4.0,3.0
CUST-00098,ZD-100641,2026-01-08T16:09:18.273597,pending,normal,6.0,1.0
CUST-00369,ZD-100642,2026-02-24T16:09:18.273603,solved,high,6.0,
CUST-00491,ZD-100643,2025-08-07T16:09:18.273608,solved,normal,1.0,3.0
CUST-00653,ZD-100644,2025-05-05T16:09:18.273614,pending,low,1.0,4.0
CUST-00803,ZD-100645,2025-01-16T16:09:18.273619,pending,high,7.0,1.0
CUST-00657,ZD-100646,2024-08-19T16:09:18.273625,closed,high,6.0,5.0
CUST-00378,ZD-100647,2025-08-20T16:09:18.273631,solved,high,7.0,5.0
CUST-00476,ZD-100648,2025-06-03T16:09:18.273636,open,low,3.0,3.0
CUST-00770,ZD-100649,2025-11-20T16:09:18.273641,open,urgent,1.0,
CUST-00232,ZD-100650,2024-08-10T16:09:18.273647,pending,urgent,0.0,
CUST-00703,ZD-100651,2024-10-29T16:09:18.273653,closed,urgent,9.0,4.0
CUST-00080,ZD-100652,2025-01-19T16:09:18.273658,solved,normal,14.0,1.0
CUST-00972,ZD-100653,2024-11-25T16:09:18.273667,closed,normal,2.0,3.0
CUST-00129,ZD-100654,2026-01-15T16:09:18.273673,solved,urgent,6.0,3.0
CUST-00842,ZD-100655,2025-09-29T16:09:18.273679,open,high,13.0,1.0
CUST-00089,ZD-100656,2025-01-26T16:09:18.273685,pending,high,8.0,4.0
CUST-00532,ZD-100657,2024-11-15T16:09:18.273694,solved,urgent,14.0,1.0
CUST-00424,ZD-100658,2025-09-27T16:09:18.273702,solved,low,2.0,
CUST-00798,ZD-100659,2025-11-16T16:09:18.273709,open,high,12.0,5.0
CUST-00270,ZD-100660,2025-01-31T16:09:18.273715,pending,urgent,10.0,1.0
CUST-00176,ZD-100661,2025-05-21T16:09:18.273720,closed,urgent,6.0,1.0
CUST-00405,ZD-100662,2025-03-25T16:09:18.273726,closed,low,11.0,5.0
CUST-00942,ZD-100663,2025-05-28T16:09:18.273732,open,low,14.0,4.0
CUST-00837,ZD-100664,2025-04-23T16:09:18.273737,open,urgent,4.0,1.0
CUST-00995,ZD-100665,2025-07-09T16:09:18.273743,open,urgent,2.0,4.0
CUST-00275,ZD-100666,2024-12-28T16:09:18.273748,solved,normal,9.0,5.0
CUST-00216,ZD-100667,2025-01-07T16:09:18.273754,pending,high,11.0,1.0
CUST-00527,ZD-100668,2025-09-18T16:09:18.273760,open,urgent,1.0,3.0
CUST-00799,ZD-100669,2024-09-09T16:09:18.273765,solved,normal,14.0,3.0
CUST-00896,ZD-100670,2025-08-06T16:09:18.273771,solved,normal,13.0,1.0
CUST-00467,ZD-100671,2026-01-07T16:09:18.273776,open,normal,14.0,4.0
CUST-00377,ZD-100672,2024-11-09T16:09:18.273782,pending,low,8.0,1.0
CUST-00247,ZD-100673,2025-02-11T16:09:18.273788,pending,normal,7.0,5.0
CUST-00600,ZD-100674,2024-08-12T16:09:18.273793,open,normal,5.0,4.0
CUST-00766,ZD-100675,2025-11-27T16:09:18.273799,solved,urgent,4.0,1.0
CUST-00166,ZD-100676,2024-07-22T16:09:18.273804,closed,normal,12.0,3.0
CUST-00693,ZD-100677,2025-07-31T16:09:18.273810,pending,low,4.0,1.0
CUST-00485,ZD-100678,2025-10-15T16:09:18.273819,closed,low,10.0,3.0
CUST-00258,ZD-100679,2025-04-21T16:09:18.273825,open,urgent,11.0,5.0
CUST-00872,ZD-100680,2025-03-07T16:09:18.273836,open,normal,7.0,5.0
CUST-00309,ZD-100681,2024-09-12T16:09:18.273842,pending,low,13.0,1.0
CUST-00523,ZD-100682,2025-02-09T16:09:18.273848,open,high,8.0,1.0
CUST-00493,ZD-100683,2025-12-24T16:09:18.273854,open,high,5.0,4.0
CUST-00267,ZD-100684,2025-04-28T16:09:18.273859,closed,normal,3.0,1.0
CUST-00824,ZD-100685,2025-01-10T16:09:18.273865,open,normal,10.0,1.0
CUST-00671,ZD-100686,2024-10-06T16:09:18.273871,open,urgent,4.0,5.0
CUST-00397,ZD-100687,2026-01-22T16:09:18.273876,closed,high,9.0,3.0
CUST-00702,ZD-100688,2024-08-29T16:09:18.273882,pending,high,10.0,
CUST-00307,ZD-100689,2025-09-06T16:09:18.273891,closed,high,13.0,1.0
CUST-00482,ZD-100690,2025-10-19T16:09:18.273897,open,normal,11.0,4.0
CUST-00670,ZD-100691,2025-11-28T16:09:18.273903,open,normal,3.0,4.0
CUST-00430,ZD-100692,2025-03-25T16:09:18.273908,open,high,5.0,5.0
CUST-00871,ZD-100693,2025-10-30T16:09:18.273914,solved,low,7.0,5.0
CUST-00910,ZD-100694,2025-08-12T16:09:18.273919,solved,urgent,8.0,
CUST-00305,ZD-100695,2024-12-31T16:09:18.273925,closed,normal,0.0,3.0
CUST-00350,ZD-100696,2025-01-04T16:09:18.273931,pending,normal,9.0,4.0
CUST-00883,ZD-100697,2025-08-27T16:09:18.273939,solved,urgent,12.0,4.0
CUST-00646,ZD-100698,2025-08-30T16:09:18.273945,solved,low,5.0,5.0
CUST-00280,ZD-100699,2025-07-28T16:09:18.273950,closed,normal,12.0,5.0
CUST-00804,ZD-100700,2025-11-29T16:09:18.273956,pending,urgent,2.0,5.0
CUST-00439,ZD-100701,2024-10-27T16:09:18.273961,solved,low,6.0,
CUST-00204,ZD-100702,2025-02-10T16:09:18.273967,open,normal,0.0,1.0
CUST-00692,ZD-100703,2026-02-23T16:09:18.273972,closed,normal,10.0,4.0
CUST-00319,ZD-100704,2025-10-18T16:09:18.273981,pending,high,1.0,3.0
CUST-00066,ZD-100705,2026-01-12T16:09:18.273987,open,urgent,4.0,
CUST-00610,ZD-100706,2024-09-09T16:09:18.273992,pending,normal,5.0,4.0
CUST-00923,ZD-100707,2024-10-14T16:09:18.273998,closed,normal,5.0,5.0
CUST-00019,ZD-100708,2025-07-09T16:09:18.274004,closed,normal,3.0,1.0
CUST-00603,ZD-100709,2024-09-29T16:09:18.274009,solved,high,2.0,1.0
CUST-00384,ZD-100710,2025-06-11T16:09:18.274015,solved,low,12.0,1.0
CUST-00669,ZD-100711,2026-02-07T16:09:18.274020,solved,urgent,0.0,5.0
CUST-00389,ZD-100712,2025-10-24T16:09:18.274026,open,urgent,8.0,3.0
CUST-00210,ZD-100713,2026-02-18T16:09:18.274031,pending,low,4.0,
CUST-00276,ZD-100714,2025-10-10T16:09:18.274037,solved,low,6.0,4.0
CUST-00116,ZD-100715,2025-11-11T16:09:18.274043,closed,normal,7.0,4.0
CUST-00851,ZD-100716,2024-09-10T16:09:18.274048,open,urgent,3.0,4.0
CUST-00164,ZD-100717,2026-01-18T16:09:18.274056,pending,normal,8.0,5.0
CUST-00338,ZD-100718,2025-07-02T16:09:18.274062,solved,low,0.0,1.0
CUST-00855,ZD-100719,2024-07-20T16:09:18.274068,pending,normal,10.0,1.0
CUST-00798,ZD-100720,2024-09-22T16:09:18.274073,solved,high,1.0,3.0
CUST-00467,ZD-100721,2025-04-30T16:09:18.274082,pending,low,4.0,1.0
CUST-00832,ZD-100722,2025-09-02T16:09:18.274087,solved,high,13.0,4.0
CUST-00820,ZD-100723,2025-04-13T16:09:18.274093,solved,low,6.0,1.0
CUST-00009,ZD-100724,2025-10-09T16:09:18.274099,closed,high,10.0,4.0
CUST-00915,ZD-100725,2024-12-06T16:09:18.274105,open,low,9.0,4.0
CUST-00834,ZD-100726,2025-03-14T16:09:18.274110,solved,urgent,2.0,5.0
CUST-00985,ZD-100727,2024-11-17T16:09:18.274115,pending,urgent,4.0,5.0
CUST-00664,ZD-100728,2025-09-10T16:09:18.274121,closed,low,1.0,3.0
CUST-00106,ZD-100729,2024-12-28T16:09:18.274127,pending,urgent,14.0,3.0
CUST-00625,ZD-100730,2025-02-04T16:09:18.274132,open,low,12.0,3.0
CUST-00494,ZD-100731,2024-10-16T16:09:18.274138,pending,urgent,1.0,1.0
CUST-00064,ZD-100732,2025-06-05T16:09:18.274144,open,low,10.0,
CUST-00785,ZD-100733,2024-07-17T16:09:18.274149,closed,high,11.0,
CUST-00535,ZD-100734,2025-11-22T16:09:18.274155,closed,urgent,6.0,4.0
CUST-00679,ZD-100735,2025-01-29T16:09:18.274161,solved,low,2.0,3.0
CUST-00517,ZD-100736,2024-11-04T16:09:18.274194,pending,normal,13.0,1.0
CUST-00769,ZD-100737,2024-10-12T16:09:18.274200,closed,high,5.0,4.0
CUST-00051,ZD-100738,2024-09-26T16:09:18.274205,pending,urgent,3.0,3.0
CUST-00080,ZD-100739,2024-11-14T16:09:18.274211,pending,low,7.0,5.0
CUST-00457,ZD-100740,2025-04-10T16:09:18.274216,pending,low,1.0,1.0
CUST-00413,ZD-100741,2025-01-01T16:09:18.274222,solved,low,0.0,
CUST-00986,ZD-100742,2025-04-22T16:09:18.274227,closed,urgent,14.0,4.0
CUST-00372,ZD-100743,2026-01-03T16:09:18.274233,closed,urgent,13.0,4.0
CUST-00573,ZD-100744,2024-10-31T16:09:18.274239,open,urgent,11.0,1.0
CUST-00099,ZD-100745,2025-07-15T16:09:18.274244,open,high,0.0,4.0
CUST-00560,ZD-100746,2024-09-11T16:09:18.274250,solved,low,5.0,3.0
CUST-00504,ZD-100747,2025-10-07T16:09:18.274255,pending,low,13.0,4.0
CUST-00625,ZD-100748,2025-08-11T16:09:18.274276,solved,urgent,3.0,3.0
CUST-00468,ZD-100749,2025-08-16T16:09:18.274298,open,low,11.0,5.0
CUST-00047,ZD-100750,2025-10-24T16:09:18.274354,pending,urgent,12.0,
CUST-00979,ZD-100751,2024-09-29T16:09:18.274371,pending,low,2.0,
CUST-00753,ZD-100752,2026-01-09T16:09:18.274386,pending,urgent,8.0,
CUST-00799,ZD-100753,2025-08-30T16:09:18.274413,closed,normal,11.0,1.0
CUST-00396,ZD-100754,2025-04-04T16:09:18.274433,pending,urgent,8.0,
CUST-00937,ZD-100755,2025-06-18T16:09:18.274453,pending,high,4.0,4.0
CUST-00463,ZD-100756,2025-10-14T16:09:18.274485,pending,high,2.0,
CUST-00881,ZD-100757,2025-04-12T16:09:18.274506,closed,normal,11.0,3.0
CUST-00639,ZD-100758,2025-05-06T16:09:18.274526,open,normal,10.0,3.0
CUST-00515,ZD-100759,2024-08-21T16:09:18.274548,open,low,11.0,4.0
CUST-00575,ZD-100760,2024-10-24T16:09:18.274570,pending,high,9.0,5.0
CUST-00827,ZD-100761,2026-02-14T16:09:18.274597,solved,low,8.0,5.0
CUST-00148,ZD-100762,2026-01-04T16:09:18.274616,solved,normal,10.0,4.0
CUST-00768,ZD-100763,2025-09-16T16:09:18.274629,open,normal,4.0,1.0
CUST-00707,ZD-100764,2025-05-01T16:09:18.274642,solved,high,3.0,5.0
CUST-00104,ZD-100765,2024-08-01T16:09:18.274657,closed,urgent,13.0,3.0
CUST-00523,ZD-100766,2025-05-09T16:09:18.274676,solved,urgent,11.0,5.0
CUST-00426,ZD-100767,2025-04-13T16:09:18.274692,solved,low,8.0,4.0
CUST-00207,ZD-100768,2024-12-01T16:09:18.274704,closed,high,13.0,
CUST-00559,ZD-100769,2025-08-10T16:09:18.274716,closed,high,12.0,5.0
CUST-00181,ZD-100770,2025-12-13T16:09:18.274726,closed,low,2.0,5.0
CUST-00041,ZD-100771,2024-12-16T16:09:18.274746,open,normal,4.0,3.0
CUST-00598,ZD-100772,2025-06-11T16:09:18.274764,open,urgent,0.0,3.0
CUST-00040,ZD-100773,2025-09-23T16:09:18.274776,open,low,14.0,
CUST-00863,ZD-100774,2025-04-25T16:09:18.274787,open,low,7.0,4.0
CUST-00538,ZD-100775,2025-07-17T16:09:18.274814,solved,normal,2.0,5.0
CUST-00556,ZD-100776,2024-08-27T16:09:18.274838,solved,high,6.0,3.0
CUST-00904,ZD-100777,2025-07-24T16:09:18.274866,open,high,10.0,4.0
CUST-00300,ZD-100778,2025-07-19T16:09:18.274896,pending,low,12.0,1.0
CUST-00684,ZD-100779,2025-03-10T16:09:18.274926,closed,normal,7.0,1.0
CUST-00698,ZD-100780,2025-04-05T16:09:18.274954,solved,urgent,6.0,4.0
CUST-00553,ZD-100781,2025-05-14T16:09:18.274984,open,urgent,0.0,5.0
CUST-00044,ZD-100782,2025-04-30T16:09:18.275014,closed,high,14.0,
CUST-00084,ZD-100783,2025-11-21T16:09:18.275041,solved,low,2.0,3.0
CUST-00686,ZD-100784,2025-07-24T16:09:18.275072,pending,low,13.0,3.0
CUST-00550,ZD-100785,2024-12-09T16:09:18.275112,solved,normal,10.0,1.0
CUST-00470,ZD-100786,2025-03-25T16:09:18.275144,solved,low,0.0,1.0
CUST-00182,ZD-100787,2025-06-15T16:09:18.275171,solved,normal,8.0,4.0
CUST-00417,ZD-100788,2025-01-26T16:09:18.275199,pending,urgent,7.0,4.0
CUST-00017,ZD-100789,2025-01-25T16:09:18.275251,solved,low,10.0,
CUST-00064,ZD-100790,2024-07-08T16:09:18.275280,solved,high,0.0,
CUST-00108,ZD-100791,2025-05-07T16:09:18.275310,open,low,12.0,4.0
CUST-00783,ZD-100792,2024-12-06T16:09:18.275337,pending,low,6.0,5.0
CUST-00160,ZD-100793,2024-08-30T16:09:18.275366,closed,urgent,3.0,
CUST-00302,ZD-100794,2025-10-03T16:09:18.275395,open,low,4.0,
CUST-00895,ZD-100795,2024-08-08T16:09:18.275433,solved,low,2.0,1.0
CUST-00586,ZD-100796,2025-01-20T16:09:18.275461,solved,high,8.0,3.0
CUST-00766,ZD-100797,2025-03-12T16:09:18.275489,pending,normal,3.0,3.0
CUST-00188,ZD-100798,2025-07-16T16:09:18.275517,open,normal,9.0,1.0
CUST-00185,ZD-100799,2024-07-27T16:09:18.275548,solved,urgent,13.0,
CUST-00074,ZD-100800,2025-05-06T16:09:18.275579,solved,high,10.0,1.0
CUST-00202,ZD-100801,2024-07-13T16:09:18.275606,open,high,7.0,3.0
CUST-00687,ZD-100802,2025-07-02T16:09:18.275637,open,low,1.0,3.0
CUST-00325,ZD-100803,2024-10-18T16:09:18.275668,open,high,7.0,
CUST-00156,ZD-100804,2024-07-28T16:09:18.275697,open,high,9.0,5.0
CUST-00172,ZD-100805,2026-02-23T16:09:18.275724,closed,normal,5.0,5.0
CUST-00283,ZD-100806,2025-02-24T16:09:18.275763,open,urgent,2.0,5.0
CUST-00456,ZD-100807,2025-02-25T16:09:18.275792,open,urgent,12.0,
CUST-00111,ZD-100808,2025-09-01T16:09:18.275827,solved,high,10.0,3.0
CUST-00912,ZD-100809,2024-08-25T16:09:18.275857,open,low,3.0,1.0
CUST-00913,ZD-100810,2026-02-08T16:09:18.275885,solved,urgent,13.0,
CUST-00217,ZD-100811,2026-01-21T16:09:18.275913,open,urgent,8.0,3.0
CUST-00374,ZD-100812,2025-01-22T16:09:18.275941,open,normal,3.0,5.0
CUST-00513,ZD-100813,2024-09-23T16:09:18.275972,pending,high,1.0,
CUST-00010,ZD-100814,2025-06-28T16:09:18.276013,closed,normal,13.0,5.0
CUST-00163,ZD-100815,2025-08-28T16:09:18.276042,closed,urgent,9.0,4.0
CUST-00041,ZD-100816,2025-07-18T16:09:18.276077,pending,normal,12.0,1.0
CUST-00270,ZD-100817,2025-02-14T16:09:18.276105,solved,normal,3.0,
CUST-00929,ZD-100818,2025-02-23T16:09:18.276133,pending,urgent,6.0,1.0
CUST-00040,ZD-100819,2025-04-02T16:09:18.276164,open,high,1.0,
CUST-00557,ZD-100820,2024-07-24T16:09:18.276193,pending,urgent,2.0,4.0
CUST-00601,ZD-100821,2025-12-10T16:09:18.276223,open,urgent,8.0,3.0
CUST-00528,ZD-100822,2025-01-08T16:09:18.276265,open,urgent,5.0,5.0
CUST-00908,ZD-100823,2026-02-21T16:09:18.276294,closed,urgent,8.0,3.0
CUST-00235,ZD-100824,2025-12-11T16:09:18.276324,open,normal,8.0,3.0
CUST-00191,ZD-100825,2025-09-19T16:09:18.276352,solved,normal,5.0,5.0
CUST-00830,ZD-100826,2025-03-26T16:09:18.276382,solved,urgent,11.0,5.0
CUST-00490,ZD-100827,2025-07-27T16:09:18.276411,closed,urgent,9.0,1.0
CUST-00249,ZD-100828,2026-01-14T16:09:18.276439,closed,normal,2.0,
CUST-00040,ZD-100829,2024-07-21T16:09:18.276468,solved,normal,2.0,4.0
CUST-00944,ZD-100830,2025-08-27T16:09:18.276498,pending,low,8.0,4.0
CUST-00969,ZD-100831,2025-12-02T16:09:18.276528,pending,urgent,3.0,5.0
CUST-00174,ZD-100832,2025-07-18T16:09:18.276555,pending,normal,13.0,
CUST-00840,ZD-100833,2025-08-25T16:09:18.276581,open,normal,9.0,4.0
CUST-00944,ZD-100834,2024-11-20T16:09:18.276615,solved,normal,9.0,5.0
CUST-00394,ZD-100835,2025-10-15T16:09:18.276646,solved,normal,1.0,
CUST-00880,ZD-100836,2024-09-29T16:09:18.276672,pending,normal,10.0,
CUST-00098,ZD-100837,2025-08-30T16:09:18.276703,solved,low,7.0,1.0
CUST-00493,ZD-100838,2025-10-17T16:09:18.276731,solved,urgent,14.0,
CUST-00430,ZD-100839,2025-02-13T16:09:18.276762,solved,urgent,13.0,3.0
CUST-00960,ZD-100840,2024-10-22T16:09:18.276791,pending,high,12.0,
CUST-00823,ZD-100841,2024-07-18T16:09:18.276819,pending,normal,1.0,4.0
CUST-00488,ZD-100842,2025-07-04T16:09:18.276927,solved,high,14.0,
CUST-00897,ZD-100843,2024-08-20T16:09:18.276950,open,normal,6.0,1.0
CUST-00726,ZD-100844,2026-02-20T16:09:18.276980,solved,low,9.0,5.0
CUST-00670,ZD-100845,2025-08-01T16:09:18.277010,open,urgent,11.0,4.0
CUST-00109,ZD-100846,2025-09-22T16:09:18.277036,open,high,6.0,
CUST-00433,ZD-100847,2024-07-29T16:09:18.277060,open,urgent,5.0,3.0
CUST-00423,ZD-100848,2024-08-11T16:09:18.277092,pending,normal,12.0,4.0
CUST-00572,ZD-100849,2024-08-08T16:09:18.277121,open,high,7.0,
CUST-00352,ZD-100850,2025-01-16T16:09:18.277144,closed,low,11.0,3.0
CUST-00457,ZD-100851,2025-09-15T16:09:18.277165,closed,urgent,1.0,4.0
CUST-00820,ZD-100852,2024-08-13T16:09:18.277191,solved,normal,9.0,5.0
CUST-00987,ZD-100853,2026-02-22T16:09:18.277218,solved,normal,12.0,5.0
CUST-00948,ZD-100854,2024-12-09T16:09:18.277238,solved,high,1.0,3.0
CUST-00379,ZD-100855,2025-12-08T16:09:18.277279,solved,urgent,9.0,5.0
CUST-00628,ZD-100856,2024-09-12T16:09:18.277299,solved,normal,4.0,5.0
CUST-00449,ZD-100857,2026-02-17T16:09:18.277329,open,normal,3.0,1.0
CUST-00802,ZD-100858,2024-09-23T16:09:18.277349,closed,normal,8.0,1.0
CUST-00368,ZD-100859,2025-06-28T16:09:18.277369,solved,normal,10.0,1.0
CUST-00282,ZD-100860,2025-01-14T16:09:18.277388,pending,urgent,5.0,
CUST-00205,ZD-100861,2024-09-15T16:09:18.277409,solved,low,0.0,
CUST-00291,ZD-100862,2024-08-04T16:09:18.277428,open,high,14.0,4.0
CUST-00231,ZD-100863,2025-08-12T16:09:18.277448,pending,low,7.0,4.0
CUST-00179,ZD-100864,2025-01-07T16:09:18.277467,solved,low,8.0,
CUST-00301,ZD-100865,2025-03-16T16:09:18.277486,open,high,1.0,5.0
CUST-00989,ZD-100866,2025-02-06T16:09:18.277507,pending,normal,9.0,4.0
CUST-00984,ZD-100867,2024-11-15T16:09:18.277526,pending,low,10.0,5.0
CUST-00119,ZD-100868,2025-06-08T16:09:18.277547,pending,normal,1.0,3.0
CUST-00819,ZD-100869,2025-04-10T16:09:18.277566,open,low,6.0,4.0
CUST-00254,ZD-100870,2025-05-09T16:09:18.277586,pending,high,1.0,1.0
CUST-00567,ZD-100871,2025-08-29T16:09:18.277605,open,high,7.0,3.0
CUST-00915,ZD-100872,2024-07-20T16:09:18.277624,closed,normal,4.0,5.0
CUST-00754,ZD-100873,2025-08-07T16:09:18.277649,closed,high,3.0,3.0
CUST-00234,ZD-100874,2025-08-04T16:09:18.277670,closed,high,13.0,3.0
CUST-00797,ZD-100875,2025-11-10T16:09:18.277690,solved,urgent,1.0,
CUST-00006,ZD-100876,2024-08-22T16:09:18.277710,pending,high,0.0,
CUST-00322,ZD-100877,2024-10-11T16:09:18.277731,open,urgent,14.0,3.0
CUST-00782,ZD-100878,2024-09-22T16:09:18.277752,pending,normal,4.0,
CUST-00131,ZD-100879,2026-01-03T16:09:18.277772,pending,urgent,8.0,
CUST-00033,ZD-100880,2024-10-01T16:09:18.277798,pending,normal,5.0,5.0
CUST-00999,ZD-100881,2025-10-27T16:09:18.277819,pending,high,11.0,1.0
CUST-00012,ZD-100882,2025-07-27T16:09:18.277839,solved,high,6.0,4.0
CUST-00627,ZD-100883,2025-06-07T16:09:18.277859,open,normal,2.0,4.0
CUST-00482,ZD-100884,2025-03-13T16:09:18.277879,closed,urgent,5.0,5.0
CUST-00215,ZD-100885,2024-12-25T16:09:18.277900,open,high,11.0,5.0
CUST-00286,ZD-100886,2024-11-23T16:09:18.277922,closed,normal,2.0,1.0
CUST-00738,ZD-100887,2025-05-27T16:09:18.277944,closed,urgent,12.0,5.0
CUST-00200,ZD-100888,2025-10-01T16:09:18.277964,closed,urgent,12.0,1.0
CUST-00180,ZD-100889,2024-12-23T16:09:18.277984,closed,high,7.0,5.0
CUST-00307,ZD-100890,2025-06-16T16:09:18.278004,solved,urgent,8.0,1.0
CUST-00707,ZD-100891,2025-09-13T16:09:18.278024,closed,high,0.0,5.0
CUST-00859,ZD-100892,2025-11-21T16:09:18.278048,open,high,7.0,4.0
CUST-00368,ZD-100893,2024-08-03T16:09:18.278068,open,high,8.0,1.0
CUST-00421,ZD-100894,2025-10-26T16:09:18.278088,closed,normal,5.0,4.0
CUST-00363,ZD-100895,2025-04-01T16:09:18.278111,pending,urgent,10.0,1.0
CUST-00390,ZD-100896,2025-05-10T16:09:18.278131,closed,normal,7.0,4.0
CUST-00431,ZD-100897,2024-07-22T16:09:18.278153,solved,low,6.0,3.0
CUST-00351,ZD-100898,2025-07-09T16:09:18.278212,open,high,5.0,4.0
CUST-00619,ZD-100899,2025-01-19T16:09:18.278236,pending,high,4.0,
CUST-00533,ZD-100900,2024-11-23T16:09:18.278276,closed,normal,6.0,1.0
CUST-00128,ZD-100901,2025-07-02T16:09:18.278296,open,low,10.0,3.0
CUST-00170,ZD-100902,2025-01-17T16:09:18.278316,solved,low,1.0,5.0
CUST-00561,ZD-100903,2026-01-03T16:09:18.278335,pending,low,0.0,1.0
CUST-00268,ZD-100904,2025-09-21T16:09:18.278354,pending,high,1.0,3.0
CUST-00253,ZD-100905,2025-05-13T16:09:18.278373,closed,normal,7.0,
CUST-00858,ZD-100906,2025-09-06T16:09:18.278393,solved,high,0.0,4.0
CUST-00884,ZD-100907,2024-10-28T16:09:18.278412,open,urgent,7.0,3.0
CUST-00992,ZD-100908,2024-08-24T16:09:18.278441,pending,urgent,2.0,
CUST-00655,ZD-100909,2024-08-30T16:09:18.278462,open,urgent,4.0,
CUST-00232,ZD-100910,2025-11-28T16:09:18.278481,open,high,7.0,5.0
CUST-00266,ZD-100911,2025-09-21T16:09:18.278500,solved,low,4.0,
CUST-00834,ZD-100912,2025-10-11T16:09:18.278529,open,urgent,5.0,
CUST-00008,ZD-100913,2024-10-12T16:09:18.278548,pending,high,12.0,1.0
CUST-00784,ZD-100914,2024-12-14T16:09:18.278568,open,normal,12.0,1.0
CUST-00561,ZD-100915,2025-02-10T16:09:18.278587,pending,urgent,3.0,5.0
CUST-00255,ZD-100916,2025-09-13T16:09:18.278607,pending,urgent,11.0,3.0
CUST-00269,ZD-100917,2025-12-08T16:09:18.278627,closed,high,6.0,4.0
CUST-00664,ZD-100918,2024-09-01T16:09:18.278647,open,urgent,12.0,3.0
CUST-00873,ZD-100919,2025-12-19T16:09:18.278667,closed,high,2.0,1.0
CUST-00652,ZD-100920,2024-11-18T16:09:18.278686,pending,high,9.0,
CUST-00503,ZD-100921,2025-08-19T16:09:18.278705,solved,normal,5.0,1.0
CUST-00992,ZD-100922,2024-08-29T16:09:18.278724,closed,low,0.0,4.0
CUST-00275,ZD-100923,2025-10-22T16:09:18.278744,pending,low,11.0,3.0
CUST-00092,ZD-100924,2025-09-26T16:09:18.278763,pending,normal,0.0,4.0
CUST-00430,ZD-100925,2025-04-14T16:09:18.278782,pending,high,12.0,5.0
CUST-00713,ZD-100926,2026-01-26T16:09:18.278801,solved,normal,5.0,1.0
CUST-00272,ZD-100927,2025-01-22T16:09:18.278821,pending,normal,1.0,3.0
CUST-00917,ZD-100928,2025-06-16T16:09:18.278840,pending,low,13.0,1.0
CUST-00997,ZD-100929,2025-06-18T16:09:18.278859,pending,normal,6.0,1.0
CUST-00203,ZD-100930,2024-11-13T16:09:18.278879,solved,normal,11.0,5.0
CUST-00398,ZD-100931,2025-04-14T16:09:18.278903,open,normal,14.0,1.0
CUST-00762,ZD-100932,2024-08-14T16:09:18.278924,solved,high,8.0,5.0
CUST-00653,ZD-100933,2025-04-28T16:09:18.278943,open,low,3.0,3.0
CUST-00996,ZD-100934,2025-11-04T16:09:18.278962,pending,high,3.0,1.0
CUST-00171,ZD-100935,2025-05-21T16:09:18.278982,solved,urgent,9.0,3.0
CUST-00009,ZD-100936,2026-01-15T16:09:18.279006,pending,normal,9.0,4.0
CUST-00789,ZD-100937,2025-11-28T16:09:18.279026,closed,urgent,3.0,1.0
CUST-00702,ZD-100938,2025-03-18T16:09:18.279040,solved,low,14.0,4.0
CUST-00660,ZD-100939,2025-09-23T16:09:18.279054,solved,normal,11.0,5.0
CUST-00238,ZD-100940,2025-04-09T16:09:18.279067,open,urgent,8.0,3.0
CUST-00021,ZD-100941,2025-02-06T16:09:18.279082,closed,high,5.0,1.0
CUST-00496,ZD-100942,2024-12-06T16:09:18.279098,open,urgent,8.0,3.0
CUST-00580,ZD-100943,2025-08-20T16:09:18.279117,open,high,8.0,5.0
CUST-00281,ZD-100944,2024-08-09T16:09:18.279138,solved,normal,2.0,5.0
CUST-00302,ZD-100945,2025-06-03T16:09:18.279147,open,urgent,8.0,1.0
CUST-00794,ZD-100946,2024-09-27T16:09:18.279162,closed,low,6.0,
CUST-00877,ZD-100947,2025-02-20T16:09:18.279182,closed,high,12.0,1.0
CUST-00674,ZD-100948,2024-08-25T16:09:18.279189,pending,normal,13.0,
CUST-00699,ZD-100949,2024-10-06T16:09:18.279196,closed,high,12.0,4.0
CUST-00419,ZD-100950,2025-04-04T16:09:18.279202,solved,low,1.0,1.0
CUST-00855,ZD-100951,2025-10-18T16:09:18.279216,solved,normal,2.0,1.0
CUST-00497,ZD-100952,2025-08-15T16:09:18.279222,solved,urgent,1.0,5.0
CUST-00538,ZD-100953,2025-06-10T16:09:18.279228,open,normal,0.0,
CUST-00735,ZD-100954,2025-12-17T16:09:18.279234,closed,urgent,0.0,1.0
CUST-00479,ZD-100955,2025-12-27T16:09:18.279255,pending,high,5.0,1.0
CUST-00843,ZD-100956,2025-05-31T16:09:18.279268,solved,low,8.0,4.0
CUST-00079,ZD-100957,2025-07-21T16:09:18.279275,solved,low,8.0,3.0
CUST-00544,ZD-100958,2025-01-29T16:09:18.279281,closed,normal,3.0,
CUST-00640,ZD-100959,2025-08-28T16:09:18.279287,pending,low,8.0,
CUST-00366,ZD-100960,2024-11-15T16:09:18.279299,pending,low,11.0,3.0
CUST-00811,ZD-100961,2025-08-27T16:09:18.279305,pending,high,8.0,3.0
CUST-00546,ZD-100962,2024-12-01T16:09:18.279311,open,high,14.0,
CUST-00332,ZD-100963,2025-02-12T16:09:18.279317,pending,high,6.0,
CUST-00246,ZD-100964,2024-07-31T16:09:18.279323,closed,urgent,8.0,
CUST-00948,ZD-100965,2025-06-12T16:09:18.279329,pending,urgent,5.0,5.0
CUST-00000,ZD-100966,2026-01-23T16:09:18.279334,solved,normal,4.0,4.0
CUST-00006,ZD-100967,2025-04-26T16:09:18.279340,closed,high,3.0,1.0
CUST-00790,ZD-100968,2025-05-21T16:09:18.279345,closed,low,14.0,1.0
CUST-00471,ZD-100969,2025-02-28T16:09:18.279352,closed,high,2.0,4.0
CUST-00910,ZD-100970,2024-07-11T16:09:18.279360,closed,high,3.0,4.0
CUST-00094,ZD-100971,2024-07-23T16:09:18.279366,closed,low,6.0,4.0
CUST-00811,ZD-100972,2024-10-21T16:09:18.279372,pending,low,2.0,
CUST-00657,ZD-100973,2025-04-26T16:09:18.279378,pending,low,0.0,1.0
CUST-00943,ZD-100974,2025-03-22T16:09:18.279384,pending,urgent,5.0,1.0
CUST-00890,ZD-100975,2025-07-10T16:09:18.279390,solved,urgent,11.0,1.0
CUST-00312,ZD-100976,2024-09-09T16:09:18.279399,open,normal,0.0,4.0
CUST-00514,ZD-100977,2025-07-16T16:09:18.279405,solved,urgent,2.0,5.0
CUST-00770,ZD-100978,2024-07-18T16:09:18.279411,solved,normal,8.0,5.0
CUST-00296,ZD-100979,2025-01-20T16:09:18.279416,closed,high,2.0,1.0
CUST-00487,ZD-100980,2024-07-22T16:09:18.279422,solved,urgent,11.0,4.0
CUST-00087,ZD-100981,2025-01-15T16:09:18.279427,pending,normal,8.0,3.0
CUST-00492,ZD-100982,2024-08-04T16:09:18.279433,pending,urgent,3.0,
CUST-00200,ZD-100983,2024-08-02T16:09:18.279439,closed,normal,9.0,1.0
CUST-00272,ZD-100984,2024-12-14T16:09:18.279444,solved,low,5.0,5.0
CUST-00433,ZD-100985,2025-02-18T16:09:18.279451,closed,high,5.0,4.0
CUST-00608,ZD-100986,2026-02-03T16:09:18.279456,open,normal,12.0,4.0
CUST-00631,ZD-100987,2024-12-02T16:09:18.279462,closed,urgent,9.0,1.0
CUST-00946,ZD-100988,2025-07-03T16:09:18.279467,open,normal,3.0,1.0
CUST-00115,ZD-100989,2026-01-03T16:09:18.279473,closed,high,3.0,1.0
CUST-00351,ZD-100990,2025-11-06T16:09:18.279482,pending,urgent,4.0,1.0
CUST-00339,ZD-100991,2025-07-28T16:09:18.279488,closed,normal,11.0,
CUST-00535,ZD-100992,2025-06-08T16:09:18.279494,pending,normal,8.0,1.0
CUST-00385,ZD-100993,2024-07-11T16:09:18.279499,solved,high,14.0,3.0
CUST-00061,ZD-100994,2025-05-13T16:09:18.279505,open,low,3.0,5.0
CUST-00670,ZD-100995,2026-02-19T16:09:18.279511,pending,high,1.0,4.0
CUST-00885,ZD-100996,2025-11-09T16:09:18.279516,open,urgent,0.0,3.0
CUST-00389,ZD-100997,2024-09-25T16:09:18.279522,solved,high,11.0,5.0
CUST-00887,ZD-100998,2024-09-01T16:09:18.279527,closed,normal,1.0,
CUST-00989,ZD-100999,2024-11-16T16:09:18.279533,solved,low,8.0,3.0
CUST-00944,ZD-101000,2024-09-03T16:09:18.279538,open,urgent,4.0,5.0
CUST-00762,ZD-101001,2025-09-20T16:09:18.279544,open,high,0.0,4.0
CUST-00640,ZD-101002,2025-04-24T16:09:18.279549,open,low,3.0,4.0
CUST-00899,ZD-101003,2025-01-27T16:09:18.279555,solved,high,14.0,3.0
CUST-00155,ZD-101004,2025-03-15T16:09:18.279561,pending,normal,14.0,1.0
CUST-00747,ZD-101005,2025-02-01T16:09:18.279566,closed,urgent,8.0,3.0
CUST-00586,ZD-101006,2025-09-24T16:09:18.279572,open,high,6.0,5.0
CUST-00555,ZD-101007,2025-10-16T16:09:18.279578,closed,normal,3.0,3.0
CUST-00316,ZD-101008,2024-09-09T16:09:18.279586,closed,urgent,14.0,3.0
CUST-00671,ZD-101009,2024-07-29T16:09:18.279595,closed,high,14.0,1.0
CUST-00570,ZD-101010,2024-08-31T16:09:18.279604,solved,normal,11.0,4.0
CUST-00859,ZD-101011,2025-10-01T16:09:18.279610,solved,high,11.0,5.0
CUST-00984,ZD-101012,2025-01-02T16:09:18.279615,pending,high,4.0,3.0
CUST-00797,ZD-101013,2025-08-19T16:09:18.279621,closed,normal,1.0,1.0
CUST-00780,ZD-101014,2025-05-30T16:09:18.279627,closed,normal,9.0,3.0
CUST-00703,ZD-101015,2026-02-01T16:09:18.279633,solved,urgent,5.0,3.0
CUST-00514,ZD-101016,2024-11-04T16:09:18.279638,open,normal,11.0,5.0
CUST-00503,ZD-101017,2024-10-30T16:09:18.279644,closed,normal,2.0,3.0
CUST-00033,ZD-101018,2025-01-05T16:09:18.279649,solved,high,12.0,5.0
CUST-00227,ZD-101019,2025-08-04T16:09:18.279655,closed,low,12.0,3.0
CUST-00949,ZD-101020,2024-12-05T16:09:18.279661,pending,high,13.0,5.0
CUST-00908,ZD-101021,2025-06-20T16:09:18.279667,pending,low,6.0,
CUST-00752,ZD-101022,2025-02-03T16:09:18.279673,open,urgent,11.0,
CUST-00961,ZD-101023,2024-07-22T16:09:18.279678,solved,low,9.0,5.0
CUST-00467,ZD-101024,2026-01-15T16:09:18.279684,closed,urgent,14.0,1.0
CUST-00571,ZD-101025,2025-01-27T16:09:18.279690,solved,normal,8.0,4.0
CUST-00450,ZD-101026,2025-01-16T16:09:18.279696,open,high,14.0,5.0
CUST-00170,ZD-101027,2024-12-22T16:09:18.279702,solved,normal,4.0,5.0
CUST-00849,ZD-101028,2024-11-22T16:09:18.279707,solved,normal,1.0,
CUST-00960,ZD-101029,2024-08-17T16:09:18.279716,pending,urgent,2.0,4.0
CUST-00461,ZD-101030,2026-02-02T16:09:18.279722,pending,normal,2.0,5.0
CUST-00092,ZD-101031,2025-06-16T16:09:18.279728,closed,low,5.0,1.0
CUST-00116,ZD-101032,2024-11-24T16:09:18.279733,open,low,10.0,
CUST-00724,ZD-101033,2025-01-30T16:09:18.279739,closed,urgent,11.0,
CUST-00389,ZD-101034,2026-01-14T16:09:18.279745,closed,high,12.0,
CUST-00892,ZD-101035,2025-09-27T16:09:18.279750,closed,normal,2.0,1.0
CUST-00429,ZD-101036,2025-04-18T16:09:18.279756,pending,high,4.0,3.0
CUST-00120,ZD-101037,2025-10-16T16:09:18.279761,solved,high,3.0,1.0
CUST-00469,ZD-101038,2024-10-06T16:09:18.279767,pending,low,13.0,
CUST-00903,ZD-101039,2024-10-10T16:09:18.279773,closed,urgent,3.0,5.0
CUST-00419,ZD-101040,2024-12-02T16:09:18.279782,solved,normal,1.0,
CUST-00284,ZD-101041,2024-08-06T16:09:18.279787,closed,low,13.0,3.0
CUST-00151,ZD-101042,2026-01-02T16:09:18.279793,open,low,10.0,3.0
CUST-00874,ZD-101043,2026-01-25T16:09:18.279798,open,high,10.0,1.0
CUST-00050,ZD-101044,2025-11-08T16:09:18.279804,closed,normal,6.0,4.0
CUST-00625,ZD-101045,2024-07-21T16:09:18.279810,closed,urgent,12.0,
CUST-00368,ZD-101046,2026-01-22T16:09:18.279815,open,high,1.0,4.0
CUST-00919,ZD-101047,2025-02-04T16:09:18.279821,solved,urgent,13.0,
CUST-00066,ZD-101048,2025-05-04T16:09:18.279830,closed,low,7.0,4.0
CUST-00337,ZD-101049,2024-09-06T16:09:18.279836,closed,normal,6.0,
CUST-00059,ZD-101050,2025-11-08T16:09:18.279842,solved,urgent,9.0,
CUST-00956,ZD-101051,2025-05-09T16:09:18.279848,open,high,6.0,
CUST-00588,ZD-101052,2025-03-02T16:09:18.279854,closed,urgent,14.0,
CUST-00746,ZD-101053,2024-10-06T16:09:18.279860,closed,normal,7.0,4.0
CUST-00198,ZD-101054,2026-02-26T16:09:18.279866,solved,urgent,1.0,1.0
CUST-00755,ZD-101055,2025-07-30T16:09:18.279871,pending,urgent,12.0,1.0
CUST-00341,ZD-101056,2025-03-06T16:09:18.279877,closed,low,8.0,3.0
CUST-00706,ZD-101057,2025-05-15T16:09:18.279883,solved,high,4.0,4.0
CUST-00518,ZD-101058,2024-08-13T16:09:18.279888,solved,low,5.0,4.0
CUST-00349,ZD-101059,2025-01-18T16:09:18.279894,solved,normal,11.0,3.0
CUST-00338,ZD-101060,2025-03-18T16:09:18.279899,pending,urgent,14.0,1.0
CUST-00661,ZD-101061,2025-10-11T16:09:18.279908,closed,urgent,7.0,
CUST-00917,ZD-101062,2025-03-21T16:09:18.279914,pending,low,7.0,
CUST-00306,ZD-101063,2024-07-29T16:09:18.279919,open,low,11.0,3.0
CUST-00591,ZD-101064,2025-03-25T16:09:18.279928,open,low,12.0,3.0
CUST-00287,ZD-101065,2026-01-27T16:09:18.279935,pending,normal,5.0,
CUST-00620,ZD-101066,2025-01-25T16:09:18.279942,solved,high,2.0,4.0
CUST-00726,ZD-101067,2026-01-26T16:09:18.279948,pending,low,4.0,5.0
CUST-00898,ZD-101068,2025-06-29T16:09:18.279957,pending,high,5.0,3.0
CUST-00537,ZD-101069,2025-04-24T16:09:18.279963,solved,high,2.0,1.0
CUST-00796,ZD-101070,2025-08-05T16:09:18.279968,solved,urgent,14.0,
CUST-00025,ZD-101071,2024-10-21T16:09:18.279977,closed,normal,14.0,4.0
CUST-00945,ZD-101072,2024-10-20T16:09:18.279983,open,high,11.0,3.0
CUST-00787,ZD-101073,2025-11-19T16:09:18.279988,closed,normal,13.0,1.0
CUST-00470,ZD-101074,2025-01-27T16:09:18.279994,solved,low,11.0,4.0
CUST-00954,ZD-101075,2026-01-13T16:09:18.280000,solved,high,10.0,5.0
CUST-00910,ZD-101076,2026-01-11T16:09:18.280006,open,low,1.0,
CUST-00776,ZD-101077,2025-04-14T16:09:18.280011,closed,high,10.0,3.0
CUST-00197,ZD-101078,2025-05-10T16:09:18.280017,open,urgent,4.0,1.0
CUST-00279,ZD-101079,2025-09-28T16:09:18.280022,open,low,2.0,1.0
CUST-00981,ZD-101080,2024-08-03T16:09:18.280028,solved,normal,8.0,
CUST-00358,ZD-101081,2024-08-14T16:09:18.280033,open,normal,5.0,4.0
CUST-00587,ZD-101082,2025-06-22T16:09:18.280039,solved,high,2.0,
CUST-00913,ZD-101083,2025-03-18T16:09:18.280044,pending,low,8.0,3.0
CUST-00029,ZD-101084,2024-11-02T16:09:18.280050,solved,low,14.0,5.0
CUST-00055,ZD-101085,2025-12-01T16:09:18.280055,pending,normal,6.0,
CUST-00912,ZD-101086,2024-11-28T16:09:18.280061,open,high,9.0,4.0
CUST-00837,ZD-101087,2025-08-09T16:09:18.280072,solved,urgent,11.0,
CUST-00134,ZD-101088,2025-11-24T16:09:18.280078,pending,low,13.0,5.0
CUST-00317,ZD-101089,2024-11-08T16:09:18.280084,closed,normal,7.0,3.0
CUST-00881,ZD-101090,2025-06-08T16:09:18.280090,open,urgent,14.0,3.0
CUST-00716,ZD-101091,2025-03-26T16:09:18.280095,open,urgent,12.0,5.0
CUST-00030,ZD-101092,2025-12-23T16:09:18.280101,solved,high,7.0,5.0
CUST-00472,ZD-101093,2025-09-06T16:09:18.280106,open,normal,4.0,
CUST-00105,ZD-101094,2025-01-08T16:09:18.280112,solved,high,13.0,
CUST-00665,ZD-101095,2025-12-17T16:09:18.280117,open,urgent,12.0,5.0
CUST-00604,ZD-101096,2024-12-31T16:09:18.280123,closed,normal,3.0,5.0
CUST-00393,ZD-101097,2025-12-22T16:09:18.280129,closed,urgent,5.0,5.0
CUST-00580,ZD-101098,2025-03-14T16:09:18.280134,closed,normal,8.0,1.0
CUST-00757,ZD-101099,2024-07-20T16:09:18.280140,pending,low,13.0,
CUST-00610,ZD-101100,2024-11-10T16:09:18.280145,solved,urgent,5.0,3.0
CUST-00315,ZD-101101,2025-01-08T16:09:18.280151,solved,urgent,1.0,4.0
CUST-00506,ZD-101102,2025-12-27T16:09:18.280157,closed,normal,1.0,
CUST-00924,ZD-101103,2026-02-27T16:09:18.280166,closed,normal,12.0,5.0
CUST-00544,ZD-101104,2025-05-05T16:09:18.280171,pending,normal,6.0,3.0
CUST-00697,ZD-101105,2025-04-09T16:09:18.280177,open,urgent,4.0,4.0
CUST-00091,ZD-101106,2024-07-11T16:09:18.280183,pending,normal,0.0,4.0
CUST-00063,ZD-101107,2025-02-14T16:09:18.280191,solved,low,14.0,
CUST-00840,ZD-101108,2025-02-25T16:09:18.280197,open,low,1.0,3.0
CUST-00442,ZD-101109,2025-01-20T16:09:18.280203,open,urgent,10.0,5.0
CUST-00390,ZD-101110,2024-12-09T16:09:18.280208,closed,normal,8.0,5.0
CUST-00142,ZD-101111,2025-08-19T16:09:18.280214,pending,high,8.0,5.0
CUST-00157,ZD-101112,2025-05-08T16:09:18.280222,closed,normal,13.0,1.0
CUST-00073,ZD-101113,2026-02-11T16:09:18.280228,pending,urgent,2.0,3.0
CUST-00086,ZD-101114,2025-10-10T16:09:18.280234,pending,urgent,10.0,
CUST-00952,ZD-101115,2024-12-19T16:09:18.280240,closed,urgent,9.0,
CUST-00434,ZD-101116,2024-08-11T16:09:18.280245,pending,urgent,13.0,4.0
CUST-00231,ZD-101117,2025-08-21T16:09:18.280251,solved,urgent,6.0,3.0
CUST-00729,ZD-101118,2024-10-02T16:09:18.280256,pending,high,4.0,1.0
CUST-00038,ZD-101119,2024-07-26T16:09:18.280262,open,low,7.0,
CUST-00493,ZD-101120,2025-12-08T16:09:18.280268,open,urgent,2.0,
CUST-00080,ZD-101121,2024-09-10T16:09:18.280274,solved,normal,14.0,5.0
CUST-00645,ZD-101122,2025-12-10T16:09:18.280295,open,low,10.0,4.0
CUST-00547,ZD-101123,2026-02-16T16:09:18.280306,pending,urgent,7.0,
CUST-00751,ZD-101124,2025-03-25T16:09:18.280312,open,high,6.0,4.0
CUST-00171,ZD-101125,2026-01-22T16:09:18.280318,open,high,11.0,1.0
CUST-00644,ZD-101126,2024-10-31T16:09:18.280328,closed,low,9.0,4.0
CUST-00828,ZD-101127,2026-01-31T16:09:18.280334,pending,low,4.0,3.0
CUST-00517,ZD-101128,2025-12-11T16:09:18.280340,open,high,13.0,3.0
CUST-00630,ZD-101129,2025-05-16T16:09:18.280345,open,low,4.0,1.0
CUST-00618,ZD-101130,2025-09-02T16:09:18.280351,closed,urgent,14.0,4.0
CUST-00827,ZD-101131,2025-09-01T16:09:18.280356,closed,urgent,4.0,3.0
CUST-00818,ZD-101132,2024-09-05T16:09:18.280362,solved,high,13.0,1.0
CUST-00990,ZD-101133,2025-10-02T16:09:18.280367,closed,urgent,9.0,5.0
CUST-00788,ZD-101134,2025-01-31T16:09:18.280373,pending,normal,3.0,3.0
CUST-00591,ZD-101135,2025-03-11T16:09:18.280382,open,low,0.0,1.0
CUST-00171,ZD-101136,2024-11-09T16:09:18.280388,pending,high,6.0,5.0
CUST-00764,ZD-101137,2024-08-31T16:09:18.280393,pending,urgent,3.0,5.0
CUST-00268,ZD-101138,2025-10-02T16:09:18.280399,pending,low,8.0,4.0
CUST-00949,ZD-101139,2024-11-25T16:09:18.280404,open,low,6.0,1.0
CUST-00939,ZD-101140,2024-09-01T16:09:18.280410,open,urgent,10.0,
CUST-00940,ZD-101141,2025-05-24T16:09:18.280416,open,high,5.0,1.0
CUST-00261,ZD-101142,2024-07-09T16:09:18.280421,pending,normal,6.0,
CUST-00788,ZD-101143,2025-08-12T16:09:18.280427,open,normal,8.0,4.0
CUST-00560,ZD-101144,2026-02-17T16:09:18.280433,solved,low,10.0,1.0
CUST-00421,ZD-101145,2025-11-19T16:09:18.280438,solved,urgent,8.0,4.0
CUST-00224,ZD-101146,2025-05-13T16:09:18.280446,closed,low,4.0,1.0
CUST-00634,ZD-101147,2025-11-25T16:09:18.280452,closed,low,0.0,1.0
CUST-00088,ZD-101148,2025-10-17T16:09:18.280458,closed,low,6.0,3.0
CUST-00259,ZD-101149,2025-05-02T16:09:18.280464,solved,urgent,7.0,4.0
CUST-00787,ZD-101150,2024-12-17T16:09:18.280469,open,high,11.0,3.0
CUST-00799,ZD-101151,2025-12-14T16:09:18.280475,solved,urgent,4.0,5.0
CUST-00340,ZD-101152,2025-12-28T16:09:18.280481,open,normal,4.0,5.0
CUST-00071,ZD-101153,2024-10-12T16:09:18.280486,closed,urgent,14.0,3.0
CUST-00660,ZD-101154,2024-10-12T16:09:18.280492,closed,urgent,1.0,3.0
CUST-00628,ZD-101155,2025-11-11T16:09:18.280497,pending,high,14.0,1.0
CUST-00035,ZD-101156,2025-12-15T16:09:18.280503,open,urgent,1.0,1.0
CUST-00918,ZD-101157,2024-10-06T16:09:18.280508,solved,low,2.0,5.0
CUST-00272,ZD-101158,2025-09-25T16:09:18.280514,open,urgent,11.0,
CUST-00003,ZD-101159,2024-09-18T16:09:18.280519,pending,urgent,11.0,5.0
CUST-00413,ZD-101160,2025-12-18T16:09:18.280525,closed,low,8.0,5.0
CUST-00977,ZD-101161,2024-10-22T16:09:18.280531,open,high,1.0,4.0
CUST-00410,ZD-101162,2026-01-02T16:09:18.280536,solved,high,10.0,
CUST-00873,ZD-101163,2025-03-16T16:09:18.280542,pending,high,1.0,3.0
CUST-00180,ZD-101164,2024-08-09T16:09:18.280551,pending,normal,0.0,4.0
CUST-00712,ZD-101165,2025-01-24T16:09:18.280560,solved,high,14.0,5.0
CUST-00086,ZD-101166,2024-12-06T16:09:18.280566,closed,normal,11.0,1.0
CUST-00197,ZD-101167,2026-02-02T16:09:18.280574,closed,urgent,11.0,5.0
CUST-00064,ZD-101168,2024-08-23T16:09:18.280580,open,urgent,10.0,
CUST-00988,ZD-101169,2024-11-24T16:09:18.280586,solved,high,0.0,1.0
CUST-00345,ZD-101170,2026-01-15T16:09:18.280591,solved,normal,6.0,
CUST-00469,ZD-101171,2024-08-27T16:09:18.280597,closed,low,2.0,1.0
CUST-00753,ZD-101172,2025-10-06T16:09:18.280603,solved,urgent,7.0,
CUST-00046,ZD-101173,2025-06-24T16:09:18.280608,closed,low,11.0,3.0
CUST-00647,ZD-101174,2026-01-07T16:09:18.280614,open,low,14.0,5.0
CUST-00625,ZD-101175,2025-09-06T16:09:18.280620,solved,low,13.0,1.0
CUST-00509,ZD-101176,2025-07-17T16:09:18.280625,closed,urgent,1.0,4.0
CUST-00830,ZD-101177,2025-01-12T16:09:18.280631,solved,normal,5.0,4.0
CUST-00856,ZD-101178,2025-07-24T16:09:18.280637,solved,normal,12.0,4.0
CUST-00064,ZD-101179,2025-10-27T16:09:18.280642,closed,urgent,4.0,3.0
CUST-00713,ZD-101180,2025-02-14T16:09:18.280648,closed,urgent,8.0,3.0
CUST-00947,ZD-101181,2024-07-12T16:09:18.280653,closed,low,0.0,
CUST-00385,ZD-101182,2025-09-19T16:09:18.280659,pending,low,0.0,1.0
CUST-00007,ZD-101183,2025-08-28T16:09:18.280664,solved,high,14.0,5.0
CUST-00710,ZD-101184,2024-10-28T16:09:18.280670,closed,normal,11.0,3.0
CUST-00655,ZD-101185,2025-05-26T16:09:18.280678,pending,urgent,8.0,3.0
CUST-00960,ZD-101186,2025-09-02T16:09:18.280684,solved,normal,9.0,5.0
CUST-00626,ZD-101187,2025-11-29T16:09:18.280690,open,high,10.0,5.0
CUST-00004,ZD-101188,2024-08-05T16:09:18.280695,closed,low,3.0,
CUST-00097,ZD-101189,2025-02-22T16:09:18.280702,closed,urgent,13.0,3.0
CUST-00283,ZD-101190,2026-01-04T16:09:18.280726,solved,normal,3.0,5.0
CUST-00509,ZD-101191,2025-08-31T16:09:18.280732,solved,low,2.0,4.0
CUST-00291,ZD-101192,2025-07-28T16:09:18.280738,open,high,6.0,
CUST-00824,ZD-101193,2024-11-20T16:09:18.280743,solved,low,0.0,
CUST-00180,ZD-101194,2025-09-19T16:09:18.280749,solved,urgent,12.0,
CUST-00118,ZD-101195,2025-12-17T16:09:18.280755,closed,urgent,14.0,
CUST-00593,ZD-101196,2025-03-31T16:09:18.280760,closed,high,6.0,3.0
CUST-00797,ZD-101197,2025-11-07T16:09:18.280766,closed,low,5.0,3.0
CUST-00755,ZD-101198,2025-01-01T16:09:18.280771,closed,urgent,13.0,3.0
CUST-00075,ZD-101199,2024-11-02T16:09:18.280780,pending,low,9.0,5.0
CUST-00148,ZD-101200,2025-07-21T16:09:18.280785,pending,normal,14.0,5.0
CUST-00382,ZD-101201,2025-10-11T16:09:18.280791,closed,high,7.0,4.0
CUST-00207,ZD-101202,2025-03-21T16:09:18.280796,solved,low,2.0,4.0
CUST-00139,ZD-101203,2025-11-06T16:09:18.280802,pending,urgent,13.0,5.0
CUST-00175,ZD-101204,2025-03-13T16:09:18.280810,open,normal,3.0,
CUST-00927,ZD-101205,2025-09-06T16:09:18.280817,closed,low,9.0,5.0
CUST-00877,ZD-101206,2024-09-11T16:09:18.280822,closed,urgent,7.0,5.0
CUST-00285,ZD-101207,2026-02-13T16:09:18.280828,pending,normal,11.0,3.0
CUST-00335,ZD-101208,2024-12-10T16:09:18.280834,closed,normal,9.0,
CUST-00919,ZD-101209,2026-02-22T16:09:18.280883,solved,low,6.0,5.0
CUST-00751,ZD-101210,2024-09-29T16:09:18.280891,pending,urgent,0.0,5.0
CUST-00829,ZD-101211,2025-11-19T16:09:18.280897,pending,normal,7.0,1.0
CUST-00571,ZD-101212,2026-02-15T16:09:18.280903,pending,normal,11.0,3.0
CUST-00367,ZD-101213,2025-05-01T16:09:18.280909,solved,low,3.0,5.0
CUST-00685,ZD-101214,2025-04-21T16:09:18.280919,pending,low,2.0,5.0
CUST-00474,ZD-101215,2025-10-09T16:09:18.280925,pending,normal,13.0,4.0
CUST-00641,ZD-101216,2024-11-09T16:09:18.280930,solved,low,11.0,5.0
CUST-00914,ZD-101217,2025-03-24T16:09:18.280936,solved,high,8.0,5.0
CUST-00770,ZD-101218,2025-05-27T16:09:18.280942,closed,low,11.0,
CUST-00901,ZD-101219,2025-03-21T16:09:18.280948,solved,high,11.0,1.0
CUST-00113,ZD-101220,2025-01-31T16:09:18.280954,pending,low,5.0,4.0
CUST-00375,ZD-101221,2025-09-01T16:09:18.280959,solved,normal,10.0,3.0
CUST-00342,ZD-101222,2025-06-28T16:09:18.280965,solved,urgent,8.0,
CUST-00892,ZD-101223,2025-07-28T16:09:18.280971,closed,high,12.0,4.0
CUST-00919,ZD-101224,2025-05-30T16:09:18.280982,pending,high,8.0,1.0
CUST-00064,ZD-101225,2025-02-11T16:09:18.280988,pending,urgent,5.0,
CUST-00539,ZD-101226,2025-10-25T16:09:18.280994,open,urgent,7.0,
CUST-00376,ZD-101227,2025-12-22T16:09:18.280999,pending,low,3.0,1.0
CUST-00400,ZD-101228,2025-08-28T16:09:18.281005,solved,low,4.0,3.0
CUST-00282,ZD-101229,2025-11-05T16:09:18.281011,closed,urgent,11.0,3.0
CUST-00895,ZD-101230,2025-08-02T16:09:18.281017,solved,high,8.0,5.0
CUST-00992,ZD-101231,2024-08-22T16:09:18.281025,closed,urgent,14.0,4.0
CUST-00430,ZD-101232,2024-11-30T16:09:18.281031,solved,high,11.0,3.0
CUST-00064,ZD-101233,2026-02-05T16:09:18.281036,closed,high,13.0,5.0
CUST-00592,ZD-101234,2025-03-13T16:09:18.281042,open,urgent,10.0,
CUST-00681,ZD-101235,2024-09-03T16:09:18.281048,pending,urgent,13.0,4.0
CUST-00580,ZD-101236,2025-10-15T16:09:18.281053,open,normal,14.0,4.0
CUST-00232,ZD-101237,2024-10-20T16:09:18.281059,open,low,5.0,3.0
CUST-00361,ZD-101238,2025-05-12T16:09:18.281064,closed,normal,7.0,
CUST-00292,ZD-101239,2025-08-25T16:09:18.281070,closed,normal,2.0,3.0
CUST-00119,ZD-101240,2026-01-16T16:09:18.281076,closed,urgent,5.0,4.0
CUST-00378,ZD-101241,2025-08-23T16:09:18.281081,solved,high,3.0,4.0
CUST-00151,ZD-101242,2025-02-11T16:09:18.281087,closed,high,7.0,1.0
CUST-00942,ZD-101243,2026-02-02T16:09:18.281095,pending,normal,6.0,5.0
CUST-00950,ZD-101244,2025-04-06T16:09:18.281101,solved,high,2.0,4.0
CUST-00485,ZD-101245,2025-05-07T16:09:18.281107,closed,urgent,12.0,4.0
CUST-00705,ZD-101246,2025-11-04T16:09:18.281114,pending,low,11.0,3.0
CUST-00694,ZD-101247,2024-08-12T16:09:18.281119,open,low,1.0,5.0
CUST-00632,ZD-101248,2025-07-17T16:09:18.281125,open,low,7.0,4.0
CUST-00056,ZD-101249,2025-08-12T16:09:18.281130,closed,high,9.0,3.0
CUST-00023,ZD-101250,2025-12-04T16:09:18.281136,pending,low,8.0,
CUST-00403,ZD-101251,2025-08-12T16:09:18.281141,open,low,7.0,4.0
CUST-00407,ZD-101252,2025-09-29T16:09:18.281147,pending,high,11.0,5.0
CUST-00381,ZD-101253,2026-02-15T16:09:18.281153,open,high,4.0,4.0
CUST-00456,ZD-101254,2024-08-02T16:09:18.281158,closed,urgent,1.0,5.0
CUST-00822,ZD-101255,2024-12-01T16:09:18.281165,closed,urgent,4.0,5.0
CUST-00142,ZD-101256,2025-12-01T16:09:18.281170,closed,high,2.0,5.0
CUST-00888,ZD-101257,2024-09-08T16:09:18.281176,solved,urgent,5.0,1.0
CUST-00006,ZD-101258,2025-01-04T16:09:18.281182,open,urgent,10.0,3.0
CUST-00569,ZD-101259,2024-11-11T16:09:18.281187,closed,normal,11.0,3.0
CUST-00852,ZD-101260,2025-02-02T16:09:18.281193,pending,low,4.0,4.0
CUST-00854,ZD-101261,2024-07-08T16:09:18.281199,pending,urgent,4.0,3.0
CUST-00027,ZD-101262,2026-02-25T16:09:18.281204,open,high,2.0,5.0
CUST-00127,ZD-101263,2025-05-09T16:09:18.281215,closed,urgent,6.0,3.0
CUST-00029,ZD-101264,2025-10-28T16:09:18.281221,open,urgent,12.0,1.0
CUST-00613,ZD-101265,2025-02-22T16:09:18.281230,pending,urgent,9.0,4.0
CUST-00643,ZD-101266,2024-10-28T16:09:18.281235,solved,high,11.0,
CUST-00750,ZD-101267,2024-07-18T16:09:18.281241,open,normal,0.0,
CUST-00059,ZD-101268,2025-10-01T16:09:18.281247,pending,normal,5.0,4.0
CUST-00167,ZD-101269,2026-01-04T16:09:18.281252,open,urgent,4.0,4.0
CUST-00049,ZD-101270,2025-05-07T16:09:18.281258,solved,normal,4.0,3.0
CUST-00783,ZD-101271,2025-11-23T16:09:18.281263,closed,high,9.0,4.0
CUST-00846,ZD-101272,2025-04-25T16:09:18.281269,open,low,4.0,
CUST-00593,ZD-101273,2025-03-04T16:09:18.281275,closed,low,13.0,3.0
CUST-00530,ZD-101274,2025-05-15T16:09:18.281298,pending,urgent,5.0,4.0
CUST-00943,ZD-101275,2025-09-14T16:09:18.281306,closed,normal,1.0,
CUST-00226,ZD-101276,2025-08-19T16:09:18.281312,solved,urgent,12.0,5.0
CUST-00938,ZD-101277,2025-12-11T16:09:18.281318,closed,low,1.0,5.0
CUST-00356,ZD-101278,2025-04-14T16:09:18.281324,open,normal,11.0,5.0
CUST-00911,ZD-101279,2024-09-10T16:09:18.281329,open,normal,12.0,4.0
CUST-00029,ZD-101280,2025-10-29T16:09:18.281335,closed,normal,3.0,3.0
CUST-00314,ZD-101281,2025-10-22T16:09:18.281341,closed,low,3.0,5.0
CUST-00707,ZD-101282,2025-11-05T16:09:18.281351,solved,urgent,1.0,5.0
CUST-00043,ZD-101283,2025-08-10T16:09:18.281357,solved,low,1.0,5.0
CUST-00121,ZD-101284,2025-06-13T16:09:18.281363,solved,high,0.0,1.0
CUST-00772,ZD-101285,2025-11-21T16:09:18.281368,solved,normal,12.0,
CUST-00922,ZD-101286,2025-08-07T16:09:18.281374,open,low,2.0,1.0
CUST-00149,ZD-101287,2025-05-19T16:09:18.281380,open,high,9.0,3.0
CUST-00875,ZD-101288,2024-10-03T16:09:18.281385,closed,low,12.0,1.0
CUST-00839,ZD-101289,2024-07-15T16:09:18.281391,solved,normal,12.0,3.0
CUST-00987,ZD-101290,2025-05-15T16:09:18.281397,solved,low,2.0,3.0
CUST-00942,ZD-101291,2024-09-29T16:09:18.281402,pending,high,13.0,
CUST-00189,ZD-101292,2024-12-04T16:09:18.281408,solved,normal,10.0,4.0
CUST-00388,ZD-101293,2024-12-20T16:09:18.281414,closed,urgent,3.0,1.0
CUST-00779,ZD-101294,2025-04-12T16:09:18.281419,pending,low,1.0,
CUST-00139,ZD-101295,2024-10-08T16:09:18.281428,open,high,12.0,
CUST-00739,ZD-101296,2026-01-17T16:09:18.281434,open,urgent,1.0,1.0
CUST-00394,ZD-101297,2025-05-13T16:09:18.281439,open,urgent,7.0,3.0
CUST-00567,ZD-101298,2025-01-06T16:09:18.281445,pending,normal,4.0,1.0
CUST-00916,ZD-101299,2024-10-28T16:09:18.281451,open,normal,10.0,1.0
CUST-00690,ZD-101300,2024-10-12T16:09:18.281456,solved,urgent,10.0,5.0
CUST-00535,ZD-101301,2025-12-02T16:09:18.281462,closed,urgent,1.0,5.0
CUST-00711,ZD-101302,2025-11-15T16:09:18.281470,closed,low,11.0,4.0
CUST-00998,ZD-101303,2025-08-08T16:09:18.281476,closed,urgent,5.0,1.0
CUST-00238,ZD-101304,2024-12-20T16:09:18.281482,pending,high,11.0,
CUST-00607,ZD-101305,2025-05-24T16:09:18.281488,pending,high,12.0,5.0
CUST-00682,ZD-101306,2025-01-09T16:09:18.281493,open,normal,7.0,5.0
CUST-00110,ZD-101307,2025-10-25T16:09:18.281499,pending,urgent,4.0,3.0
CUST-00643,ZD-101308,2025-10-13T16:09:18.281504,solved,low,0.0,1.0
CUST-00510,ZD-101309,2026-01-31T16:09:18.281510,pending,high,2.0,3.0
CUST-00310,ZD-101310,2025-11-21T16:09:18.281515,solved,urgent,12.0,5.0
CUST-00206,ZD-101311,2025-05-03T16:09:18.281521,pending,urgent,10.0,
CUST-00267,ZD-101312,2024-08-21T16:09:18.281527,solved,low,5.0,5.0
CUST-00901,ZD-101313,2025-10-29T16:09:18.281533,pending,high,6.0,5.0
CUST-00453,ZD-101314,2024-11-14T16:09:18.281538,solved,normal,0.0,
CUST-00675,ZD-101315,2025-04-23T16:09:18.281543,closed,urgent,14.0,5.0
CUST-00137,ZD-101316,2025-04-14T16:09:18.281553,pending,urgent,11.0,1.0
CUST-00582,ZD-101317,2024-10-13T16:09:18.281559,pending,urgent,10.0,
CUST-00874,ZD-101318,2025-09-20T16:09:18.281568,solved,urgent,8.0,4.0
CUST-00506,ZD-101319,2025-02-06T16:09:18.281573,open,high,9.0,4.0
CUST-00062,ZD-101320,2026-01-30T16:09:18.281579,solved,normal,9.0,4.0
CUST-00357,ZD-101321,2024-07-10T16:09:18.281587,open,urgent,0.0,1.0
CUST-00438,ZD-101322,2025-03-11T16:09:18.281593,pending,high,5.0,1.0
CUST-00677,ZD-101323,2025-06-22T16:09:18.281599,closed,high,3.0,
CUST-00086,ZD-101324,2025-12-22T16:09:18.281605,open,low,13.0,4.0
CUST-00173,ZD-101325,2026-02-07T16:09:18.281610,open,low,8.0,5.0
CUST-00673,ZD-101326,2024-12-22T16:09:18.281619,pending,high,9.0,1.0
CUST-00712,ZD-101327,2024-11-04T16:09:18.281626,solved,high,9.0,5.0
CUST-00584,ZD-101328,2025-01-24T16:09:18.281632,solved,urgent,5.0,1.0
CUST-00707,ZD-101329,2025-08-01T16:09:18.281637,pending,high,5.0,3.0
CUST-00629,ZD-101330,2025-04-27T16:09:18.281643,pending,normal,5.0,5.0
CUST-00650,ZD-101331,2025-12-12T16:09:18.281648,closed,high,13.0,4.0
CUST-00048,ZD-101332,2025-04-29T16:09:18.281654,pending,normal,9.0,
CUST-00760,ZD-101333,2025-11-25T16:09:18.281659,solved,high,11.0,4.0
CUST-00068,ZD-101334,2024-07-27T16:09:18.281665,pending,urgent,12.0,3.0
CUST-00355,ZD-101335,2025-12-11T16:09:18.281671,open,high,10.0,5.0
CUST-00679,ZD-101336,2024-08-24T16:09:18.281676,closed,urgent,5.0,5.0
CUST-00257,ZD-101337,2024-09-18T16:09:18.281682,closed,low,7.0,
CUST-00883,ZD-101338,2025-08-20T16:09:18.281688,pending,normal,9.0,5.0
CUST-00274,ZD-101339,2024-08-31T16:09:18.281693,pending,low,12.0,
CUST-00205,ZD-101340,2025-02-19T16:09:18.281699,closed,normal,7.0,3.0
CUST-00764,ZD-101341,2025-04-26T16:09:18.281708,pending,urgent,13.0,4.0
CUST-00880,ZD-101342,2025-12-24T16:09:18.281714,closed,urgent,10.0,4.0
CUST-00843,ZD-101343,2025-05-10T16:09:18.281719,closed,high,10.0,
CUST-00241,ZD-101344,2025-01-08T16:09:18.281725,solved,normal,3.0,3.0
CUST-00028,ZD-101345,2025-06-21T16:09:18.281730,open,urgent,12.0,5.0
CUST-00573,ZD-101346,2024-12-08T16:09:18.281736,solved,normal,6.0,3.0
CUST-00279,ZD-101347,2025-10-11T16:09:18.281741,open,high,0.0,
CUST-00180,ZD-101348,2026-01-15T16:09:18.281747,pending,low,11.0,1.0
CUST-00880,ZD-101349,2025-12-04T16:09:18.281753,open,low,5.0,5.0
CUST-00918,ZD-101350,2025-02-20T16:09:18.281758,solved,urgent,10.0,3.0
CUST-00241,ZD-101351,2025-11-05T16:09:18.281764,solved,high,9.0,5.0
CUST-00905,ZD-101352,2025-11-27T16:09:18.281770,solved,high,3.0,4.0
CUST-00852,ZD-101353,2024-07-09T16:09:18.281776,pending,normal,11.0,5.0
CUST-00223,ZD-101354,2025-10-03T16:09:18.281782,closed,normal,1.0,4.0
CUST-00450,ZD-101355,2025-01-05T16:09:18.281787,solved,urgent,4.0,
CUST-00383,ZD-101356,2025-11-04T16:09:18.281793,pending,urgent,5.0,3.0
CUST-00986,ZD-101357,2025-05-19T16:09:18.281798,closed,high,14.0,5.0
CUST-00732,ZD-101358,2025-02-16T16:09:18.281807,open,low,13.0,
CUST-00035,ZD-101359,2026-01-03T16:09:18.281813,closed,high,11.0,
CUST-00393,ZD-101360,2025-04-17T16:09:18.281824,open,low,10.0,
CUST-00887,ZD-101361,2025-06-30T16:09:18.281830,pending,urgent,13.0,1.0
CUST-00931,ZD-101362,2025-01-21T16:09:18.281835,open,high,14.0,1.0
CUST-00958,ZD-101363,2025-07-01T16:09:18.281841,closed,normal,4.0,5.0
CUST-00646,ZD-101364,2025-04-09T16:09:18.281847,pending,low,14.0,4.0
CUST-00887,ZD-101365,2025-12-07T16:09:18.281852,pending,urgent,13.0,5.0
CUST-00948,ZD-101366,2025-03-24T16:09:18.281858,pending,low,11.0,3.0
CUST-00715,ZD-101367,2025-06-05T16:09:18.281864,solved,high,8.0,5.0
CUST-00616,ZD-101368,2024-08-16T16:09:18.281872,open,urgent,11.0,1.0
CUST-00780,ZD-101369,2026-01-05T16:09:18.281878,closed,urgent,10.0,3.0
CUST-00003,ZD-101370,2025-01-13T16:09:18.281884,open,high,3.0,
CUST-00084,ZD-101371,2025-11-06T16:09:18.281890,closed,normal,2.0,
CUST-00702,ZD-101372,2025-01-03T16:09:18.281895,open,urgent,12.0,5.0
CUST-00894,ZD-101373,2025-10-14T16:09:18.281901,closed,high,4.0,4.0
CUST-00203,ZD-101374,2025-12-03T16:09:18.281907,open,normal,6.0,5.0
CUST-00897,ZD-101375,2025-02-06T16:09:18.281912,closed,low,13.0,1.0
CUST-00945,ZD-101376,2024-08-05T16:09:18.281918,closed,low,10.0,5.0
CUST-00203,ZD-101377,2025-06-04T16:09:18.281923,closed,low,11.0,5.0
CUST-00632,ZD-101378,2024-12-15T16:09:18.281929,open,normal,9.0,1.0
CUST-00981,ZD-101379,2025-02-16T16:09:18.281934,solved,low,2.0,
CUST-00445,ZD-101380,2024-11-20T16:09:18.281943,pending,low,13.0,3.0
CUST-00730,ZD-101381,2025-08-03T16:09:18.281949,open,high,3.0,5.0
CUST-00391,ZD-101382,2025-10-17T16:09:18.281954,closed,normal,6.0,4.0
CUST-00744,ZD-101383,2025-08-18T16:09:18.281960,closed,urgent,6.0,3.0
CUST-00029,ZD-101384,2025-05-06T16:09:18.281965,closed,urgent,4.0,3.0
CUST-00378,ZD-101385,2024-07-11T16:09:18.281971,pending,low,10.0,1.0
CUST-00480,ZD-101386,2025-10-14T16:09:18.281977,open,urgent,13.0,3.0
CUST-00730,ZD-101387,2025-01-31T16:09:18.281982,pending,high,11.0,1.0
CUST-00097,ZD-101388,2024-08-06T16:09:18.281988,solved,high,0.0,3.0
CUST-00482,ZD-101389,2025-03-02T16:09:18.281993,solved,low,9.0,4.0
CUST-00516,ZD-101390,2025-02-02T16:09:18.282002,pending,high,4.0,3.0
CUST-00991,ZD-101391,2024-08-04T16:09:18.282008,closed,high,0.0,3.0
CUST-00515,ZD-101392,2024-10-11T16:09:18.282013,open,urgent,14.0,3.0
CUST-00091,ZD-101393,2025-04-09T16:09:18.282019,pending,normal,11.0,4.0
CUST-00119,ZD-101394,2025-04-13T16:09:18.282024,closed,urgent,0.0,4.0
CUST-00765,ZD-101395,2025-02-23T16:09:18.282030,pending,high,14.0,4.0
CUST-00627,ZD-101396,2025-06-02T16:09:18.282035,open,urgent,8.0,3.0
CUST-00323,ZD-101397,2024-10-12T16:09:18.282041,closed,urgent,12.0,1.0
CUST-00193,ZD-101398,2025-09-28T16:09:18.282047,closed,normal,0.0,1.0
CUST-00481,ZD-101399,2025-06-06T16:09:18.282055,pending,urgent,2.0,1.0
CUST-00916,ZD-101400,2024-10-09T16:09:18.282061,pending,high,0.0,
CUST-00496,ZD-101401,2024-11-16T16:09:18.282066,solved,normal,7.0,1.0
CUST-00357,ZD-101402,2025-11-24T16:09:18.282072,open,normal,3.0,3.0
CUST-00767,ZD-101403,2024-09-25T16:09:18.282077,open,normal,13.0,
CUST-00994,ZD-101404,2026-02-23T16:09:18.282083,closed,urgent,8.0,1.0
CUST-00252,ZD-101405,2024-10-05T16:09:18.282089,solved,high,10.0,1.0
CUST-00291,ZD-101406,2025-10-26T16:09:18.282094,open,low,6.0,4.0
CUST-00157,ZD-101407,2026-01-29T16:09:18.282100,pending,urgent,1.0,5.0
CUST-00643,ZD-101408,2025-05-28T16:09:18.282106,solved,high,9.0,1.0
CUST-00671,ZD-101409,2024-11-21T16:09:18.282111,closed,normal,5.0,1.0
CUST-00820,ZD-101410,2025-05-14T16:09:18.282117,solved,low,5.0,
CUST-00974,ZD-101411,2025-02-02T16:09:18.282123,pending,high,1.0,3.0
CUST-00245,ZD-101412,2025-01-15T16:09:18.282128,solved,normal,1.0,3.0
CUST-00397,ZD-101413,2025-01-11T16:09:18.282134,closed,low,4.0,4.0
CUST-00502,ZD-101414,2024-12-12T16:09:18.282140,open,normal,11.0,4.0
CUST-00681,ZD-101415,2025-11-21T16:09:18.282145,open,normal,13.0,5.0
CUST-00456,ZD-101416,2025-01-26T16:09:18.282151,open,urgent,7.0,1.0
CUST-00774,ZD-101417,2024-12-22T16:09:18.282157,open,normal,12.0,5.0
CUST-00645,ZD-101418,2024-12-18T16:09:18.282165,solved,high,1.0,5.0
CUST-00692,ZD-101419,2025-07-13T16:09:18.282173,closed,urgent,10.0,
CUST-00644,ZD-101420,2024-09-08T16:09:18.282179,open,urgent,1.0,5.0
CUST-00081,ZD-101421,2024-10-26T16:09:18.282185,closed,normal,4.0,4.0
CUST-00861,ZD-101422,2025-06-18T16:09:18.282193,pending,high,8.0,
CUST-00048,ZD-101423,2024-08-12T16:09:18.282199,solved,low,1.0,
CUST-00435,ZD-101424,2025-01-01T16:09:18.282205,pending,high,1.0,4.0
CUST-00260,ZD-101425,2024-07-08T16:09:18.282210,solved,low,1.0,5.0
CUST-00183,ZD-101426,2025-08-25T16:09:18.282216,pending,low,13.0,1.0
CUST-00426,ZD-101427,2025-04-29T16:09:18.282222,pending,urgent,5.0,
CUST-00827,ZD-101428,2025-06-01T16:09:18.282227,closed,normal,5.0,3.0
CUST-00080,ZD-101429,2025-06-07T16:09:18.282233,solved,urgent,13.0,
CUST-00018,ZD-101430,2026-02-22T16:09:18.282239,solved,low,6.0,3.0
CUST-00671,ZD-101431,2024-10-27T16:09:18.282244,pending,urgent,7.0,4.0
CUST-00633,ZD-101432,2025-02-23T16:09:18.282250,pending,high,11.0,1.0
CUST-00128,ZD-101433,2025-10-12T16:09:18.282255,closed,low,0.0,1.0
CUST-00712,ZD-101434,2025-08-19T16:09:18.282261,solved,normal,13.0,5.0
CUST-00664,ZD-101435,2025-10-02T16:09:18.282266,closed,urgent,10.0,
CUST-00195,ZD-101436,2025-12-01T16:09:18.282273,pending,normal,4.0,5.0
CUST-00432,ZD-101437,2026-02-05T16:09:18.282291,closed,normal,1.0,5.0
CUST-00986,ZD-101438,2024-10-19T16:09:18.282308,solved,urgent,7.0,
CUST-00248,ZD-101439,2025-08-05T16:09:18.282315,pending,low,4.0,4.0
CUST-00008,ZD-101440,2025-11-14T16:09:18.282321,pending,urgent,10.0,5.0
CUST-00754,ZD-101441,2024-07-15T16:09:18.282327,open,low,9.0,5.0
CUST-00409,ZD-101442,2024-10-18T16:09:18.282332,pending,normal,8.0,1.0
CUST-00540,ZD-101443,2026-02-08T16:09:18.282338,open,low,6.0,4.0
CUST-00914,ZD-101444,2024-12-27T16:09:18.282344,pending,low,14.0,5.0
CUST-00637,ZD-101445,2025-03-09T16:09:18.282349,pending,low,7.0,3.0
CUST-00294,ZD-101446,2025-08-15T16:09:18.282358,open,urgent,7.0,3.0
CUST-00519,ZD-101447,2025-07-18T16:09:18.282364,open,urgent,9.0,3.0
CUST-00904,ZD-101448,2025-05-03T16:09:18.282370,pending,urgent,11.0,4.0
CUST-00815,ZD-101449,2024-11-01T16:09:18.282375,closed,normal,12.0,4.0
CUST-00707,ZD-101450,2025-12-01T16:09:18.282381,pending,normal,10.0,3.0
CUST-00204,ZD-101451,2025-09-20T16:09:18.282386,pending,low,9.0,5.0
CUST-00965,ZD-101452,2024-10-10T16:09:18.282392,closed,normal,4.0,
CUST-00048,ZD-101453,2026-02-09T16:09:18.282397,open,high,5.0,3.0
CUST-00178,ZD-101454,2024-09-30T16:09:18.282406,solved,high,0.0,5.0
CUST-00116,ZD-101455,2025-07-10T16:09:18.282412,closed,urgent,1.0,4.0
CUST-00348,ZD-101456,2025-03-01T16:09:18.282417,solved,high,12.0,3.0
CUST-00873,ZD-101457,2024-09-18T16:09:18.282423,solved,low,9.0,5.0
CUST-00818,ZD-101458,2024-11-16T16:09:18.282450,solved,low,13.0,
CUST-00624,ZD-101459,2025-11-15T16:09:18.282457,solved,low,13.0,3.0
CUST-00645,ZD-101460,2025-10-30T16:09:18.282462,closed,high,13.0,3.0
CUST-00745,ZD-101461,2025-05-04T16:09:18.282468,pending,urgent,11.0,1.0
CUST-00157,ZD-101462,2025-02-20T16:09:18.282474,closed,low,5.0,3.0
CUST-00449,ZD-101463,2024-12-29T16:09:18.282479,solved,normal,12.0,5.0
CUST-00349,ZD-101464,2025-05-10T16:09:18.282485,closed,low,8.0,4.0
CUST-00381,ZD-101465,2024-12-30T16:09:18.282490,closed,normal,5.0,
CUST-00431,ZD-101466,2025-07-09T16:09:18.282496,pending,urgent,2.0,5.0
CUST-00919,ZD-101467,2024-11-15T16:09:18.282502,open,low,13.0,5.0
CUST-00149,ZD-101468,2026-02-17T16:09:18.282507,solved,low,11.0,4.0
CUST-00322,ZD-101469,2025-01-12T16:09:18.282516,closed,urgent,12.0,1.0
CUST-00402,ZD-101470,2026-01-21T16:09:18.282522,closed,low,10.0,
CUST-00996,ZD-101471,2025-05-01T16:09:18.282528,pending,high,6.0,4.0
CUST-00931,ZD-101472,2025-03-12T16:09:18.282533,open,normal,0.0,5.0
CUST-00456,ZD-101473,2025-08-01T16:09:18.282539,pending,high,14.0,5.0
CUST-00794,ZD-101474,2025-08-09T16:09:18.282545,open,low,14.0,1.0
CUST-00550,ZD-101475,2025-03-22T16:09:18.282550,closed,high,6.0,3.0
CUST-00095,ZD-101476,2024-09-22T16:09:18.282556,open,high,8.0,3.0
CUST-00023,ZD-101477,2026-01-30T16:09:18.282564,open,normal,14.0,4.0
CUST-00743,ZD-101478,2024-12-22T16:09:18.282570,solved,low,8.0,4.0
CUST-00265,ZD-101479,2024-09-26T16:09:18.282576,solved,low,5.0,1.0
CUST-00459,ZD-101480,2025-04-28T16:09:18.282582,solved,urgent,9.0,4.0
CUST-00241,ZD-101481,2024-07-12T16:09:18.282588,closed,high,9.0,4.0
CUST-00291,ZD-101482,2024-07-21T16:09:18.282593,closed,urgent,10.0,
CUST-00755,ZD-101483,2025-06-19T16:09:18.282599,open,normal,1.0,4.0
CUST-00465,ZD-101484,2025-11-19T16:09:18.282605,pending,urgent,2.0,1.0
CUST-00094,ZD-101485,2025-12-26T16:09:18.282610,closed,urgent,6.0,3.0
CUST-00456,ZD-101486,2025-12-10T16:09:18.282619,pending,urgent,5.0,4.0
CUST-00598,ZD-101487,2024-10-05T16:09:18.282625,pending,urgent,10.0,5.0
CUST-00749,ZD-101488,2024-12-28T16:09:18.282631,closed,normal,13.0,
CUST-00130,ZD-101489,2024-10-19T16:09:18.282637,pending,normal,11.0,
CUST-00883,ZD-101490,2024-09-04T16:09:18.282642,closed,urgent,1.0,5.0
CUST-00033,ZD-101491,2025-09-20T16:09:18.282648,open,low,8.0,
CUST-00872,ZD-101492,2025-01-05T16:09:18.282653,solved,high,1.0,
CUST-00296,ZD-101493,2026-01-17T16:09:18.282658,closed,low,8.0,4.0
CUST-00312,ZD-101494,2025-02-09T16:09:18.282664,open,urgent,4.0,1.0
CUST-00810,ZD-101495,2025-10-04T16:09:18.282670,pending,low,2.0,4.0
CUST-00910,ZD-101496,2025-05-13T16:09:18.282675,closed,urgent,3.0,1.0
CUST-00125,ZD-101497,2024-08-16T16:09:18.282687,solved,low,5.0,5.0
CUST-00492,ZD-101498,2024-07-21T16:09:18.282694,pending,high,4.0,5.0
CUST-00486,ZD-101499,2025-10-15T16:09:18.282699,closed,urgent,12.0,5.0
CUST-00683,ZD-101500,2024-11-25T16:09:18.282705,open,low,2.0,
CUST-00680,ZD-101501,2025-01-04T16:09:18.282711,closed,urgent,6.0,4.0
CUST-00553,ZD-101502,2026-01-12T16:09:18.282716,pending,high,10.0,1.0
CUST-00886,ZD-101503,2025-09-11T16:09:18.282722,solved,high,11.0,
CUST-00660,ZD-101504,2025-10-24T16:09:18.282897,solved,normal,10.0,
CUST-00554,ZD-101505,2024-07-17T16:09:18.282989,solved,normal,12.0,5.0
CUST-00514,ZD-101506,2026-02-08T16:09:18.283020,closed,low,1.0,4.0
CUST-00805,ZD-101507,2025-08-01T16:09:18.283034,pending,low,3.0,
CUST-00621,ZD-101508,2025-04-05T16:09:18.283047,solved,urgent,6.0,1.0
CUST-00348,ZD-101509,2024-12-07T16:09:18.283061,pending,low,2.0,
CUST-00324,ZD-101510,2025-02-01T16:09:18.283074,solved,low,4.0,1.0
CUST-00554,ZD-101511,2025-09-08T16:09:18.283086,closed,normal,4.0,4.0
CUST-00786,ZD-101512,2025-11-28T16:09:18.283296,open,urgent,2.0,3.0
CUST-00060,ZD-101513,2025-03-31T16:09:18.283320,solved,low,2.0,4.0
CUST-00399,ZD-101514,2025-11-18T16:09:18.283333,closed,urgent,5.0,4.0
CUST-00264,ZD-101515,2025-02-08T16:09:18.283346,solved,low,13.0,3.0
CUST-00245,ZD-101516,2024-07-07T16:09:18.283386,pending,urgent,3.0,1.0
CUST-00275,ZD-101517,2025-12-27T16:09:18.283402,pending,urgent,5.0,1.0
CUST-00495,ZD-101518,2026-01-29T16:09:18.283421,closed,low,6.0,4.0
CUST-00567,ZD-101519,2024-07-07T16:09:18.283435,solved,normal,10.0,
CUST-00667,ZD-101520,2025-10-22T16:09:18.283454,pending,urgent,4.0,1.0
CUST-00866,ZD-101521,2024-10-03T16:09:18.283467,closed,high,3.0,
CUST-00172,ZD-101522,2025-06-21T16:09:18.283479,pending,urgent,8.0,1.0
CUST-00001,ZD-101523,2024-11-09T16:09:18.283492,open,normal,13.0,1.0
CUST-00061,ZD-101524,2024-10-22T16:09:18.283510,open,urgent,4.0,4.0
CUST-00862,ZD-101525,2025-07-25T16:09:18.283523,open,low,9.0,3.0
CUST-00756,ZD-101526,2024-08-30T16:09:18.283536,solved,high,9.0,1.0
CUST-00404,ZD-101527,2025-10-25T16:09:18.283550,closed,high,13.0,5.0
CUST-00215,ZD-101528,2024-09-29T16:09:18.283564,open,high,12.0,4.0
CUST-00770,ZD-101529,2024-11-21T16:09:18.283578,closed,high,4.0,4.0
CUST-00215,ZD-101530,2024-11-14T16:09:18.283592,open,low,9.0,3.0
CUST-00661,ZD-101531,2026-02-25T16:09:18.283605,pending,low,9.0,1.0
CUST-00688,ZD-101532,2025-09-03T16:09:18.283619,pending,urgent,6.0,
CUST-00083,ZD-101533,2025-12-10T16:09:18.283632,solved,urgent,8.0,1.0
CUST-00361,ZD-101534,2025-02-07T16:09:18.283646,open,urgent,13.0,3.0
CUST-00859,ZD-101535,2026-02-19T16:09:18.283663,pending,high,1.0,3.0
CUST-00455,ZD-101536,2026-02-18T16:09:18.283688,solved,high,3.0,4.0
CUST-00196,ZD-101537,2025-11-27T16:09:18.283704,open,normal,13.0,3.0
CUST-00505,ZD-101538,2025-02-21T16:09:18.283712,open,urgent,0.0,
CUST-00214,ZD-101539,2026-02-20T16:09:18.283719,pending,low,3.0,4.0
CUST-00582,ZD-101540,2024-10-03T16:09:18.283725,closed,normal,7.0,
CUST-00688,ZD-101541,2024-07-29T16:09:18.283731,solved,normal,2.0,1.0
CUST-00130,ZD-101542,2025-06-07T16:09:18.283737,closed,high,14.0,3.0
CUST-00868,ZD-101543,2026-02-04T16:09:18.283743,open,urgent,11.0,1.0
CUST-00960,ZD-101544,2024-12-17T16:09:18.283749,solved,high,10.0,5.0
CUST-00864,ZD-101545,2025-01-07T16:09:18.283755,solved,urgent,4.0,5.0
CUST-00370,ZD-101546,2024-09-16T16:09:18.283760,solved,normal,12.0,1.0
CUST-00284,ZD-101547,2024-12-24T16:09:18.283766,pending,high,8.0,1.0
CUST-00401,ZD-101548,2025-08-12T16:09:18.283772,solved,low,5.0,3.0
CUST-00706,ZD-101549,2024-12-21T16:09:18.283778,closed,normal,1.0,3.0
CUST-00337,ZD-101550,2025-04-15T16:09:18.283790,solved,low,1.0,5.0
CUST-00442,ZD-101551,2026-02-03T16:09:18.283797,open,high,9.0,3.0
CUST-00110,ZD-101552,2024-10-31T16:09:18.283803,open,low,3.0,4.0
CUST-00532,ZD-101553,2025-06-30T16:09:18.283809,pending,low,1.0,5.0
CUST-00592,ZD-101554,2025-10-23T16:09:18.283815,solved,low,1.0,5.0
CUST-00320,ZD-101555,2025-12-23T16:09:18.283824,closed,low,12.0,5.0
CUST-00056,ZD-101556,2025-04-25T16:09:18.283831,pending,low,9.0,1.0
CUST-00693,ZD-101557,2026-01-01T16:09:18.283837,solved,high,8.0,5.0
CUST-00411,ZD-101558,2025-11-21T16:09:18.283843,pending,normal,9.0,
CUST-00806,ZD-101559,2026-02-17T16:09:18.284068,pending,urgent,7.0,5.0
CUST-00901,ZD-101560,2025-11-16T16:09:18.284079,solved,urgent,5.0,
CUST-00336,ZD-101561,2025-08-14T16:09:18.284086,solved,low,1.0,
CUST-00730,ZD-101562,2025-12-20T16:09:18.284092,closed,normal,9.0,
CUST-00262,ZD-101563,2025-03-01T16:09:18.284099,pending,urgent,6.0,3.0
CUST-00248,ZD-101564,2025-10-10T16:09:18.284105,solved,low,12.0,3.0
CUST-00319,ZD-101565,2024-07-09T16:09:18.284111,open,high,6.0,
CUST-00906,ZD-101566,2024-08-22T16:09:18.284117,closed,normal,12.0,5.0
CUST-00316,ZD-101567,2025-03-13T16:09:18.284123,open,low,4.0,
CUST-00600,ZD-101568,2025-10-02T16:09:18.284129,closed,low,0.0,5.0
CUST-00352,ZD-101569,2025-08-11T16:09:18.284135,closed,low,3.0,4.0
CUST-00193,ZD-101570,2024-10-28T16:09:18.284141,pending,high,11.0,
CUST-00579,ZD-101571,2025-03-21T16:09:18.284148,open,urgent,9.0,4.0
CUST-00166,ZD-101572,2025-11-12T16:09:18.284185,solved,urgent,7.0,3.0
CUST-00942,ZD-101573,2026-02-24T16:09:18.284196,closed,normal,10.0,5.0
CUST-00638,ZD-101574,2025-07-24T16:09:18.284202,pending,high,3.0,5.0
CUST-00210,ZD-101575,2025-01-14T16:09:18.284214,solved,high,2.0,1.0
CUST-00075,ZD-101576,2025-02-26T16:09:18.284224,solved,normal,0.0,4.0
CUST-00450,ZD-101577,2025-08-12T16:09:18.284231,open,low,10.0,1.0
CUST-00203,ZD-101578,2025-08-09T16:09:18.284237,closed,normal,4.0,4.0
CUST-00736,ZD-101579,2025-09-02T16:09:18.284243,closed,normal,5.0,3.0
CUST-00022,ZD-101580,2025-08-31T16:09:18.284270,open,low,13.0,1.0
CUST-00851,ZD-101581,2025-10-10T16:09:18.284282,solved,high,6.0,3.0
CUST-00312,ZD-101582,2024-11-17T16:09:18.284289,open,high,3.0,3.0
CUST-00963,ZD-101583,2024-09-06T16:09:18.284295,pending,low,12.0,1.0
CUST-00147,ZD-101584,2025-10-17T16:09:18.284311,closed,normal,12.0,
CUST-00387,ZD-101585,2025-02-09T16:09:18.284329,pending,normal,5.0,1.0
CUST-00781,ZD-101586,2025-08-18T16:09:18.284342,open,normal,13.0,4.0
CUST-00253,ZD-101587,2026-01-04T16:09:18.284354,open,normal,10.0,
CUST-00991,ZD-101588,2024-07-09T16:09:18.284367,pending,normal,14.0,1.0
CUST-00803,ZD-101589,2024-11-03T16:09:18.284381,solved,normal,12.0,
CUST-00397,ZD-101590,2024-09-24T16:09:18.284394,pending,urgent,5.0,3.0
CUST-00329,ZD-101591,2025-02-10T16:09:18.284406,pending,urgent,8.0,5.0
CUST-00274,ZD-101592,2024-07-12T16:09:18.284419,solved,normal,6.0,3.0
CUST-00916,ZD-101593,2025-08-04T16:09:18.284436,closed,urgent,7.0,3.0
CUST-00313,ZD-101594,2024-12-19T16:09:18.284458,pending,normal,14.0,4.0
CUST-00260,ZD-101595,2024-08-13T16:09:18.284472,closed,low,1.0,4.0
CUST-00455,ZD-101596,2024-09-14T16:09:18.284484,closed,low,5.0,5.0
CUST-00524,ZD-101597,2025-03-20T16:09:18.284496,pending,urgent,6.0,5.0
CUST-00418,ZD-101598,2025-02-16T16:09:18.284512,pending,high,12.0,4.0
CUST-00391,ZD-101599,2026-02-02T16:09:18.284525,pending,normal,2.0,4.0
CUST-00660,ZD-101600,2025-12-12T16:09:18.284538,solved,high,5.0,
CUST-00525,ZD-101601,2024-08-17T16:09:18.284550,solved,high,10.0,3.0
CUST-00100,ZD-101602,2025-10-29T16:09:18.284563,open,low,1.0,
CUST-00205,ZD-101603,2025-03-23T16:09:18.284577,open,high,3.0,4.0
CUST-00763,ZD-101604,2025-05-22T16:09:18.284590,closed,high,3.0,1.0
CUST-00788,ZD-101605,2025-04-27T16:09:18.284609,open,urgent,4.0,5.0
CUST-00841,ZD-101606,2024-07-14T16:09:18.284623,solved,urgent,12.0,
CUST-00779,ZD-101607,2025-09-28T16:09:18.284638,pending,normal,13.0,3.0
CUST-00740,ZD-101608,2025-07-28T16:09:18.284653,closed,urgent,7.0,5.0
CUST-00348,ZD-101609,2025-12-02T16:09:18.284666,closed,urgent,5.0,5.0
CUST-00214,ZD-101610,2024-12-05T16:09:18.284679,solved,high,7.0,3.0
CUST-00591,ZD-101611,2025-10-19T16:09:18.284691,solved,urgent,4.0,4.0
CUST-00347,ZD-101612,2025-07-12T16:09:18.284705,pending,urgent,6.0,
CUST-00306,ZD-101613,2025-03-31T16:09:18.284734,solved,low,9.0,3.0
CUST-00157,ZD-101614,2025-03-26T16:09:18.284755,pending,urgent,9.0,3.0
CUST-00971,ZD-101615,2025-01-23T16:09:18.284774,pending,normal,1.0,5.0
CUST-00111,ZD-101616,2025-03-28T16:09:18.284795,pending,high,9.0,1.0
CUST-00175,ZD-101617,2025-11-13T16:09:18.284814,closed,low,10.0,
CUST-00500,ZD-101618,2026-01-31T16:09:18.284921,closed,low,2.0,5.0
CUST-00290,ZD-101619,2025-08-01T16:09:18.284929,open,low,3.0,5.0
CUST-00058,ZD-101620,2025-02-15T16:09:18.284935,solved,normal,8.0,4.0
CUST-00880,ZD-101621,2025-01-03T16:09:18.284941,closed,low,6.0,3.0
CUST-00549,ZD-101622,2024-12-26T16:09:18.284953,solved,urgent,7.0,3.0
CUST-00133,ZD-101623,2025-08-01T16:09:18.284960,pending,urgent,4.0,3.0
CUST-00618,ZD-101624,2024-07-19T16:09:18.284965,closed,urgent,4.0,4.0
CUST-00206,ZD-101625,2026-02-20T16:09:18.284971,pending,low,2.0,5.0
CUST-00619,ZD-101626,2025-06-20T16:09:18.284977,open,urgent,8.0,5.0
CUST-00473,ZD-101627,2024-07-18T16:09:18.284983,solved,high,0.0,5.0
CUST-00355,ZD-101628,2025-04-29T16:09:18.284989,closed,urgent,6.0,3.0
CUST-00183,ZD-101629,2024-12-12T16:09:18.284995,pending,normal,7.0,
CUST-00097,ZD-101630,2025-01-21T16:09:18.285001,solved,normal,11.0,3.0
CUST-00280,ZD-101631,2024-08-26T16:09:18.285007,solved,normal,4.0,5.0
CUST-00421,ZD-101632,2024-08-10T16:09:18.285013,open,low,1.0,1.0
CUST-00516,ZD-101633,2025-03-31T16:09:18.285025,pending,normal,6.0,4.0
CUST-00212,ZD-101634,2024-09-27T16:09:18.285031,pending,low,0.0,1.0
CUST-00654,ZD-101635,2024-11-12T16:09:18.285037,open,urgent,6.0,3.0
CUST-00406,ZD-101636,2026-01-20T16:09:18.285043,open,low,0.0,3.0
CUST-00334,ZD-101637,2024-11-09T16:09:18.285049,pending,low,7.0,1.0
CUST-00561,ZD-101638,2025-06-24T16:09:18.285054,pending,normal,11.0,5.0
CUST-00840,ZD-101639,2025-05-18T16:09:18.285060,closed,normal,13.0,1.0
CUST-00621,ZD-101640,2025-11-17T16:09:18.285065,open,low,2.0,
CUST-00759,ZD-101641,2025-01-23T16:09:18.285071,solved,low,2.0,4.0
CUST-00157,ZD-101642,2024-12-03T16:09:18.285076,closed,normal,5.0,1.0
CUST-00914,ZD-101643,2024-08-31T16:09:18.285082,pending,low,3.0,
CUST-00656,ZD-101644,2025-11-14T16:09:18.285088,open,urgent,6.0,1.0
CUST-00612,ZD-101645,2026-02-23T16:09:18.285097,pending,normal,0.0,3.0
CUST-00383,ZD-101646,2025-06-28T16:09:18.285103,solved,low,3.0,5.0
CUST-00028,ZD-101647,2026-02-13T16:09:18.285108,closed,low,5.0,3.0
CUST-00981,ZD-101648,2025-11-21T16:09:18.285114,closed,normal,12.0,1.0
CUST-00425,ZD-101649,2024-09-21T16:09:18.285120,open,high,1.0,
CUST-00641,ZD-101650,2025-08-17T16:09:18.285125,closed,urgent,9.0,5.0
CUST-00123,ZD-101651,2025-07-05T16:09:18.285131,solved,high,3.0,4.0
CUST-00177,ZD-101652,2026-02-12T16:09:18.285137,open,low,6.0,5.0
CUST-00217,ZD-101653,2024-11-15T16:09:18.285145,solved,high,3.0,
CUST-00377,ZD-101654,2026-01-14T16:09:18.285151,closed,urgent,1.0,4.0
CUST-00785,ZD-101655,2024-10-04T16:09:18.285157,closed,high,1.0,1.0
CUST-00614,ZD-101656,2025-04-01T16:09:18.285163,pending,normal,10.0,4.0
CUST-00179,ZD-101657,2025-04-08T16:09:18.285170,pending,low,13.0,4.0
CUST-00018,ZD-101658,2024-07-08T16:09:18.285175,pending,normal,7.0,
CUST-00601,ZD-101659,2026-02-14T16:09:18.285181,solved,low,3.0,4.0
CUST-00242,ZD-101660,2024-12-16T16:09:18.285187,closed,low,12.0,1.0
CUST-00140,ZD-101661,2025-02-09T16:09:18.285193,open,normal,7.0,3.0
CUST-00384,ZD-101662,2025-08-02T16:09:18.285198,solved,normal,10.0,
CUST-00968,ZD-101663,2024-11-30T16:09:18.285204,open,normal,11.0,4.0
CUST-00325,ZD-101664,2026-01-18T16:09:18.285210,pending,high,8.0,1.0
CUST-00234,ZD-101665,2025-03-25T16:09:18.285216,closed,normal,5.0,
CUST-00055,ZD-101666,2025-06-18T16:09:18.285221,closed,urgent,12.0,
CUST-00329,ZD-101667,2025-08-24T16:09:18.285227,solved,low,7.0,5.0
CUST-00071,ZD-101668,2025-08-14T16:09:18.285233,closed,normal,0.0,3.0
CUST-00093,ZD-101669,2025-09-03T16:09:18.285239,closed,normal,9.0,
CUST-00080,ZD-101670,2024-12-18T16:09:18.285262,pending,high,11.0,3.0
CUST-00738,ZD-101671,2025-08-09T16:09:18.285272,pending,normal,3.0,
CUST-00254,ZD-101672,2025-04-23T16:09:18.285295,pending,normal,4.0,4.0
CUST-00883,ZD-101673,2024-10-23T16:09:18.285313,open,urgent,1.0,5.0
CUST-00171,ZD-101674,2024-11-02T16:09:18.285320,pending,urgent,7.0,3.0
CUST-00839,ZD-101675,2024-10-22T16:09:18.285326,pending,urgent,0.0,1.0
CUST-00777,ZD-101676,2025-04-26T16:09:18.285332,closed,normal,9.0,4.0
CUST-00389,ZD-101677,2024-11-10T16:09:18.285342,pending,high,4.0,5.0
CUST-00575,ZD-101678,2024-10-23T16:09:18.285347,open,normal,1.0,5.0
CUST-00200,ZD-101679,2025-09-22T16:09:18.285353,closed,low,14.0,1.0
CUST-00882,ZD-101680,2024-10-03T16:09:18.285359,open,urgent,11.0,5.0
CUST-00947,ZD-101681,2024-12-29T16:09:18.285364,open,urgent,6.0,5.0
CUST-00315,ZD-101682,2025-12-17T16:09:18.285370,solved,low,6.0,5.0
CUST-00954,ZD-101683,2024-07-28T16:09:18.285376,closed,urgent,2.0,4.0
CUST-00789,ZD-101684,2025-03-08T16:09:18.285382,pending,high,8.0,1.0
CUST-00666,ZD-101685,2025-01-29T16:09:18.285388,pending,normal,14.0,3.0
CUST-00489,ZD-101686,2026-01-23T16:09:18.285393,open,low,14.0,3.0
CUST-00267,ZD-101687,2024-11-18T16:09:18.285400,closed,high,10.0,3.0
CUST-00616,ZD-101688,2024-07-15T16:09:18.285405,closed,low,10.0,1.0
CUST-00789,ZD-101689,2025-11-25T16:09:18.285411,pending,urgent,10.0,
CUST-00997,ZD-101690,2025-12-07T16:09:18.285417,closed,urgent,8.0,3.0
CUST-00849,ZD-101691,2024-12-17T16:09:18.285422,open,urgent,4.0,
CUST-00315,ZD-101692,2025-01-02T16:09:18.285431,solved,low,12.0,
CUST-00795,ZD-101693,2025-03-12T16:09:18.285437,closed,high,13.0,3.0
CUST-00952,ZD-101694,2025-01-16T16:09:18.285443,open,low,11.0,3.0
CUST-00835,ZD-101695,2024-10-12T16:09:18.285448,solved,low,0.0,5.0
CUST-00537,ZD-101696,2024-12-28T16:09:18.285454,open,urgent,10.0,3.0
CUST-00180,ZD-101697,2025-02-09T16:09:18.285460,closed,normal,2.0,5.0
CUST-00186,ZD-101698,2024-10-01T16:09:18.285465,pending,normal,1.0,3.0
CUST-00205,ZD-101699,2025-12-29T16:09:18.285471,closed,normal,11.0,4.0
CUST-00923,ZD-101700,2025-01-05T16:09:18.285479,solved,normal,7.0,1.0
CUST-00300,ZD-101701,2025-12-02T16:09:18.285486,solved,high,6.0,1.0
CUST-00350,ZD-101702,2026-01-28T16:09:18.285493,closed,urgent,9.0,5.0
CUST-00688,ZD-101703,2025-11-16T16:09:18.285500,solved,high,0.0,1.0
CUST-00681,ZD-101704,2024-07-11T16:09:18.285505,solved,low,12.0,3.0
CUST-00534,ZD-101705,2026-02-20T16:09:18.285511,open,urgent,6.0,5.0
CUST-00775,ZD-101706,2025-03-19T16:09:18.285516,pending,high,9.0,4.0
CUST-00698,ZD-101707,2025-03-13T16:09:18.285522,closed,high,5.0,5.0
CUST-00387,ZD-101708,2025-12-31T16:09:18.285527,open,low,5.0,1.0
CUST-00467,ZD-101709,2025-01-12T16:09:18.285536,closed,low,11.0,
CUST-00125,ZD-101710,2024-09-02T16:09:18.285542,closed,high,4.0,5.0
CUST-00633,ZD-101711,2024-10-29T16:09:18.285551,pending,normal,8.0,1.0
CUST-00653,ZD-101712,2025-04-04T16:09:18.285557,open,low,0.0,4.0
CUST-00694,ZD-101713,2024-11-30T16:09:18.285563,pending,urgent,3.0,
CUST-00813,ZD-101714,2025-12-06T16:09:18.285568,pending,urgent,5.0,1.0
CUST-00751,ZD-101715,2025-01-29T16:09:18.285574,closed,normal,4.0,
CUST-00897,ZD-101716,2024-07-22T16:09:18.285580,solved,normal,12.0,5.0
CUST-00815,ZD-101717,2025-11-30T16:09:18.285586,pending,normal,4.0,5.0
CUST-00977,ZD-101718,2025-11-01T16:09:18.285591,closed,normal,7.0,3.0
CUST-00174,ZD-101719,2025-11-28T16:09:18.285597,pending,low,1.0,3.0
CUST-00951,ZD-101720,2025-03-30T16:09:18.285602,pending,high,14.0,3.0
CUST-00736,ZD-101721,2025-06-09T16:09:18.285608,pending,low,10.0,3.0
CUST-00944,ZD-101722,2024-08-29T16:09:18.285614,pending,low,10.0,4.0
CUST-00892,ZD-101723,2025-07-13T16:09:18.285620,solved,high,14.0,5.0
CUST-00932,ZD-101724,2025-02-02T16:09:18.285629,pending,normal,10.0,3.0
CUST-00265,ZD-101725,2025-11-01T16:09:18.285635,solved,low,4.0,1.0
CUST-00348,ZD-101726,2025-08-19T16:09:18.285640,solved,high,11.0,3.0
CUST-00873,ZD-101727,2025-04-13T16:09:18.285646,solved,high,6.0,1.0
CUST-00604,ZD-101728,2024-08-28T16:09:18.285652,pending,urgent,3.0,4.0
CUST-00789,ZD-101729,2025-02-19T16:09:18.285657,closed,normal,12.0,1.0
CUST-00404,ZD-101730,2026-02-18T16:09:18.285663,pending,high,8.0,3.0
CUST-00835,ZD-101731,2025-04-30T16:09:18.285672,closed,urgent,13.0,5.0
CUST-00150,ZD-101732,2025-05-13T16:09:18.285678,solved,high,2.0,4.0
CUST-00514,ZD-101733,2025-10-24T16:09:18.285684,pending,normal,4.0,5.0
CUST-00298,ZD-101734,2025-02-07T16:09:18.285689,open,normal,0.0,3.0
CUST-00868,ZD-101735,2025-07-12T16:09:18.285695,solved,normal,11.0,5.0
CUST-00744,ZD-101736,2025-01-22T16:09:18.285701,closed,low,4.0,
CUST-00401,ZD-101737,2025-03-19T16:09:18.285706,pending,high,6.0,5.0
CUST-00400,ZD-101738,2025-12-16T16:09:18.285712,open,high,8.0,3.0
CUST-00717,ZD-101739,2024-08-15T16:09:18.285718,solved,normal,6.0,4.0
CUST-00770,ZD-101740,2024-07-13T16:09:18.285723,solved,high,13.0,5.0
CUST-00670,ZD-101741,2025-09-13T16:09:18.285732,closed,urgent,9.0,5.0
CUST-00298,ZD-101742,2025-10-02T16:09:18.285738,closed,normal,3.0,1.0
CUST-00370,ZD-101743,2024-07-18T16:09:18.285744,closed,urgent,1.0,5.0
CUST-00695,ZD-101744,2025-09-08T16:09:18.285750,solved,low,14.0,4.0
CUST-00997,ZD-101745,2024-10-30T16:09:18.285755,solved,low,2.0,
CUST-00665,ZD-101746,2025-03-18T16:09:18.285761,pending,normal,9.0,5.0
CUST-00250,ZD-101747,2026-01-24T16:09:18.285767,closed,urgent,1.0,5.0
CUST-00309,ZD-101748,2025-09-04T16:09:18.285772,pending,low,10.0,5.0
CUST-00885,ZD-101749,2025-02-01T16:09:18.285778,pending,high,4.0,1.0
CUST-00122,ZD-101750,2025-10-31T16:09:18.285786,solved,urgent,1.0,
CUST-00230,ZD-101751,2026-02-04T16:09:18.285792,pending,high,9.0,1.0
CUST-00813,ZD-101752,2025-08-26T16:09:18.285798,pending,urgent,6.0,4.0
CUST-00585,ZD-101753,2025-10-22T16:09:18.285804,open,low,1.0,
CUST-00189,ZD-101754,2025-01-08T16:09:18.285809,solved,urgent,13.0,
CUST-00837,ZD-101755,2024-08-27T16:09:18.285815,pending,low,12.0,
CUST-00857,ZD-101756,2024-07-09T16:09:18.285821,solved,normal,8.0,1.0
CUST-00185,ZD-101757,2025-08-27T16:09:18.285826,pending,high,0.0,1.0
CUST-00040,ZD-101758,2025-10-19T16:09:18.285832,closed,normal,9.0,1.0
CUST-00575,ZD-101759,2025-06-10T16:09:18.285837,solved,low,13.0,1.0
CUST-00518,ZD-101760,2025-04-28T16:09:18.285843,closed,urgent,5.0,1.0
CUST-00254,ZD-101761,2025-04-26T16:09:18.285849,open,urgent,0.0,3.0
CUST-00590,ZD-101762,2024-10-13T16:09:18.285854,open,high,11.0,
CUST-00551,ZD-101763,2024-09-23T16:09:18.285860,solved,low,3.0,3.0
CUST-00037,ZD-101764,2025-08-19T16:09:18.285866,open,normal,2.0,3.0
CUST-00616,ZD-101765,2024-08-11T16:09:18.285871,open,high,3.0,3.0
CUST-00746,ZD-101766,2024-12-22T16:09:18.285877,open,high,1.0,5.0
CUST-00665,ZD-101767,2025-09-13T16:09:18.285882,pending,low,6.0,4.0
CUST-00692,ZD-101768,2024-12-19T16:09:18.285888,closed,normal,11.0,1.0
CUST-00644,ZD-101769,2025-05-28T16:09:18.285893,closed,high,10.0,
CUST-00673,ZD-101770,2024-09-22T16:09:18.285907,closed,urgent,9.0,3.0
CUST-00323,ZD-101771,2024-12-10T16:09:18.285913,solved,normal,6.0,1.0
CUST-00276,ZD-101772,2025-10-23T16:09:18.285919,solved,urgent,8.0,1.0
CUST-00337,ZD-101773,2025-11-28T16:09:18.285930,open,high,5.0,3.0
CUST-00889,ZD-101774,2025-07-11T16:09:18.285936,solved,low,4.0,5.0
CUST-00992,ZD-101775,2025-07-15T16:09:18.285942,solved,low,6.0,3.0
CUST-00539,ZD-101776,2025-04-20T16:09:18.285951,pending,low,9.0,
CUST-00357,ZD-101777,2024-07-22T16:09:18.285958,open,high,13.0,
CUST-00101,ZD-101778,2026-01-09T16:09:18.285963,open,urgent,2.0,3.0
CUST-00353,ZD-101779,2024-09-01T16:09:18.285969,pending,urgent,8.0,
CUST-00130,ZD-101780,2025-06-07T16:09:18.285975,closed,normal,0.0,3.0
CUST-00387,ZD-101781,2024-07-26T16:09:18.285981,open,low,11.0,4.0
CUST-00724,ZD-101782,2025-06-17T16:09:18.285987,pending,urgent,10.0,3.0
CUST-00449,ZD-101783,2025-03-02T16:09:18.285992,pending,high,12.0,4.0
CUST-00975,ZD-101784,2024-12-16T16:09:18.285998,closed,high,8.0,1.0
CUST-00970,ZD-101785,2025-04-21T16:09:18.286004,open,low,6.0,1.0
CUST-00078,ZD-101786,2025-06-27T16:09:18.286010,closed,low,1.0,1.0
CUST-00761,ZD-101787,2025-05-11T16:09:18.286015,pending,low,8.0,5.0
CUST-00693,ZD-101788,2024-09-25T16:09:18.286021,closed,urgent,14.0,5.0
CUST-00527,ZD-101789,2024-08-31T16:09:18.286030,solved,urgent,11.0,1.0
CUST-00631,ZD-101790,2025-08-17T16:09:18.286036,solved,urgent,14.0,
CUST-00767,ZD-101791,2025-03-11T16:09:18.286042,solved,urgent,3.0,3.0
CUST-00690,ZD-101792,2024-09-09T16:09:18.286048,closed,normal,14.0,1.0
CUST-00375,ZD-101793,2025-10-14T16:09:18.286054,open,low,8.0,5.0
CUST-00507,ZD-101794,2025-02-04T16:09:18.286059,open,low,2.0,4.0
CUST-00935,ZD-101795,2025-06-17T16:09:18.286065,solved,high,13.0,4.0
CUST-00494,ZD-101796,2025-05-03T16:09:18.286070,closed,low,4.0,
CUST-00403,ZD-101797,2025-07-20T16:09:18.286076,open,low,14.0,5.0
CUST-00913,ZD-101798,2024-10-16T16:09:18.286082,open,low,0.0,
CUST-00471,ZD-101799,2025-03-28T16:09:18.286087,open,low,4.0,1.0
CUST-00358,ZD-101800,2025-08-21T16:09:18.286093,open,low,6.0,1.0
CUST-00441,ZD-101801,2024-10-12T16:09:18.286098,solved,normal,3.0,5.0
CUST-00126,ZD-101802,2024-10-16T16:09:18.286104,closed,high,0.0,3.0
CUST-00481,ZD-101803,2025-01-19T16:09:18.286109,open,high,5.0,5.0
CUST-00913,ZD-101804,2025-08-25T16:09:18.286115,open,low,8.0,5.0
CUST-00672,ZD-101805,2024-12-05T16:09:18.286123,closed,high,2.0,5.0
CUST-00005,ZD-101806,2025-02-25T16:09:18.286129,closed,low,14.0,3.0
CUST-00291,ZD-101807,2026-01-17T16:09:18.286135,pending,urgent,2.0,4.0
CUST-00922,ZD-101808,2026-01-26T16:09:18.286140,closed,urgent,2.0,4.0
CUST-00121,ZD-101809,2024-12-23T16:09:18.286149,pending,normal,7.0,4.0
CUST-00769,ZD-101810,2025-01-14T16:09:18.286155,pending,normal,8.0,1.0
CUST-00980,ZD-101811,2025-11-09T16:09:18.286160,solved,normal,12.0,3.0
CUST-00352,ZD-101812,2024-10-03T16:09:18.286166,closed,low,0.0,4.0
CUST-00439,ZD-101813,2026-02-19T16:09:18.286172,pending,high,6.0,4.0
CUST-00497,ZD-101814,2025-12-05T16:09:18.286177,pending,normal,12.0,
CUST-00156,ZD-101815,2024-09-22T16:09:18.286183,closed,high,2.0,1.0
CUST-00884,ZD-101816,2025-06-03T16:09:18.286188,closed,urgent,11.0,3.0
CUST-00485,ZD-101817,2025-11-14T16:09:18.286194,closed,normal,11.0,
CUST-00644,ZD-101818,2025-09-28T16:09:18.286199,solved,normal,3.0,5.0
CUST-00039,ZD-101819,2025-05-23T16:09:18.286205,closed,urgent,3.0,1.0
CUST-00631,ZD-101820,2025-08-07T16:09:18.286210,solved,urgent,1.0,5.0
CUST-00537,ZD-101821,2025-04-20T16:09:18.286216,closed,normal,11.0,4.0
CUST-00436,ZD-101822,2024-10-25T16:09:18.286221,pending,low,0.0,4.0
CUST-00112,ZD-101823,2025-05-28T16:09:18.286227,open,high,5.0,5.0
CUST-00252,ZD-101824,2025-04-06T16:09:18.286232,solved,normal,14.0,1.0
CUST-00000,ZD-101825,2026-01-05T16:09:18.286238,open,normal,10.0,4.0
CUST-00483,ZD-101826,2025-05-17T16:09:18.286247,solved,urgent,14.0,3.0
CUST-00258,ZD-101827,2024-10-12T16:09:18.286252,open,high,5.0,1.0
CUST-00099,ZD-101828,2026-02-14T16:09:18.286263,closed,high,10.0,4.0
CUST-00759,ZD-101829,2025-02-22T16:09:18.286269,open,normal,11.0,4.0
CUST-00215,ZD-101830,2024-07-09T16:09:18.286275,solved,low,6.0,3.0
CUST-00644,ZD-101831,2025-10-27T16:09:18.286298,closed,normal,0.0,5.0
CUST-00947,ZD-101832,2025-11-18T16:09:18.286308,open,high,1.0,5.0
CUST-00779,ZD-101833,2025-08-05T16:09:18.286314,closed,low,8.0,3.0
CUST-00196,ZD-101834,2024-12-26T16:09:18.286319,open,high,8.0,4.0
CUST-00459,ZD-101835,2025-10-30T16:09:18.286326,pending,low,14.0,5.0
CUST-00429,ZD-101836,2024-09-09T16:09:18.286337,solved,normal,14.0,
CUST-00280,ZD-101837,2025-10-18T16:09:18.286343,solved,low,4.0,3.0
CUST-00758,ZD-101838,2025-01-16T16:09:18.286349,solved,normal,7.0,5.0
CUST-00768,ZD-101839,2024-09-24T16:09:18.286354,pending,urgent,6.0,
CUST-00278,ZD-101840,2025-07-31T16:09:18.286360,solved,normal,2.0,
CUST-00223,ZD-101841,2026-02-18T16:09:18.286366,pending,high,14.0,4.0
CUST-00872,ZD-101842,2025-07-17T16:09:18.286372,open,low,4.0,3.0
CUST-00229,ZD-101843,2026-01-12T16:09:18.286377,closed,high,8.0,1.0
CUST-00654,ZD-101844,2025-09-29T16:09:18.286382,open,normal,14.0,4.0
CUST-00894,ZD-101845,2026-01-06T16:09:18.286388,closed,normal,10.0,
CUST-00118,ZD-101846,2026-02-26T16:09:18.286394,open,high,10.0,4.0
CUST-00085,ZD-101847,2024-08-14T16:09:18.286400,closed,urgent,4.0,
CUST-00301,ZD-101848,2025-04-01T16:09:18.286408,solved,high,0.0,3.0
CUST-00748,ZD-101849,2025-05-17T16:09:18.286414,open,low,2.0,
CUST-00673,ZD-101850,2024-07-10T16:09:18.286420,pending,high,1.0,
CUST-00564,ZD-101851,2025-07-31T16:09:18.286426,pending,normal,13.0,4.0
CUST-00275,ZD-101852,2025-08-03T16:09:18.286431,pending,normal,9.0,5.0
CUST-00237,ZD-101853,2024-12-10T16:09:18.286438,closed,urgent,5.0,1.0
CUST-00507,ZD-101854,2025-08-26T16:09:18.286443,closed,normal,7.0,3.0
CUST-00583,ZD-101855,2024-10-13T16:09:18.286449,closed,high,11.0,1.0
CUST-00317,ZD-101856,2025-09-14T16:09:18.286455,closed,urgent,14.0,
CUST-00192,ZD-101857,2025-12-18T16:09:18.286460,solved,urgent,2.0,3.0
CUST-00465,ZD-101858,2025-01-11T16:09:18.286466,closed,low,1.0,
CUST-00102,ZD-101859,2025-02-06T16:09:18.286472,solved,low,6.0,1.0
CUST-00781,ZD-101860,2026-01-14T16:09:18.286477,closed,low,2.0,4.0
CUST-00146,ZD-101861,2026-02-14T16:09:18.286483,solved,low,12.0,
CUST-00753,ZD-101862,2025-03-18T16:09:18.286489,solved,normal,13.0,3.0
CUST-00491,ZD-101863,2024-07-31T16:09:18.286494,pending,normal,14.0,4.0
CUST-00339,ZD-101864,2024-10-25T16:09:18.286500,closed,low,2.0,
CUST-00708,ZD-101865,2025-05-30T16:09:18.286505,solved,low,10.0,1.0
CUST-00105,ZD-101866,2024-08-19T16:09:18.286511,solved,urgent,4.0,3.0
CUST-00001,ZD-101867,2025-07-13T16:09:18.286520,closed,urgent,0.0,5.0
CUST-00150,ZD-101868,2025-03-03T16:09:18.286528,open,normal,10.0,5.0
CUST-00703,ZD-101869,2025-11-04T16:09:18.286534,closed,low,7.0,3.0
CUST-00104,ZD-101870,2025-05-15T16:09:18.286539,solved,high,5.0,1.0
CUST-00369,ZD-101871,2025-12-03T16:09:18.286545,solved,normal,14.0,3.0
CUST-00438,ZD-101872,2024-09-02T16:09:18.286551,closed,urgent,5.0,3.0
CUST-00914,ZD-101873,2025-04-25T16:09:18.286556,open,high,9.0,1.0
CUST-00277,ZD-101874,2024-10-04T16:09:18.286562,open,high,10.0,1.0
CUST-00807,ZD-101875,2026-02-25T16:09:18.286568,closed,normal,13.0,4.0
CUST-00151,ZD-101876,2025-01-24T16:09:18.286573,pending,low,7.0,1.0
CUST-00591,ZD-101877,2024-12-17T16:09:18.286582,open,normal,11.0,1.0
CUST-00330,ZD-101878,2025-10-20T16:09:18.286588,pending,high,2.0,4.0
CUST-00506,ZD-101879,2024-12-20T16:09:18.286593,pending,high,7.0,3.0
CUST-00821,ZD-101880,2025-06-21T16:09:18.286599,pending,urgent,6.0,
CUST-00546,ZD-101881,2024-10-11T16:09:18.286605,closed,urgent,8.0,1.0
CUST-00594,ZD-101882,2024-12-23T16:09:18.286610,closed,low,8.0,3.0
CUST-00370,ZD-101883,2026-02-25T16:09:18.286616,solved,high,3.0,
CUST-00485,ZD-101884,2025-10-14T16:09:18.286621,solved,low,14.0,4.0
CUST-00369,ZD-101885,2025-10-08T16:09:18.286627,pending,normal,4.0,
CUST-00995,ZD-101886,2024-12-23T16:09:18.286633,closed,normal,3.0,1.0
CUST-00764,ZD-101887,2025-10-09T16:09:18.286641,closed,urgent,1.0,1.0
CUST-00712,ZD-101888,2024-12-20T16:09:18.286647,solved,low,5.0,
CUST-00075,ZD-101889,2024-10-27T16:09:18.286653,closed,low,13.0,3.0
CUST-00374,ZD-101890,2025-10-06T16:09:18.286658,closed,low,1.0,1.0
CUST-00582,ZD-101891,2024-12-28T16:09:18.286664,closed,urgent,2.0,3.0
CUST-00766,ZD-101892,2024-09-05T16:09:18.286669,open,urgent,11.0,5.0
CUST-00739,ZD-101893,2025-03-19T16:09:18.286675,solved,high,7.0,1.0
CUST-00159,ZD-101894,2025-12-28T16:09:18.286681,solved,normal,14.0,
CUST-00164,ZD-101895,2026-02-16T16:09:18.286686,pending,urgent,6.0,
CUST-00728,ZD-101896,2025-06-08T16:09:18.286692,open,normal,14.0,5.0
CUST-00953,ZD-101897,2025-09-20T16:09:18.286697,solved,urgent,4.0,3.0
CUST-00760,ZD-101898,2025-07-26T16:09:18.286703,solved,normal,6.0,5.0
CUST-00188,ZD-101899,2024-08-04T16:09:18.286709,solved,urgent,9.0,5.0
CUST-00320,ZD-101900,2025-01-09T16:09:18.286718,pending,normal,13.0,1.0
CUST-00822,ZD-101901,2025-02-12T16:09:18.286724,pending,normal,10.0,4.0
CUST-00111,ZD-101902,2025-11-13T16:09:18.286729,open,high,1.0,1.0
CUST-00245,ZD-101903,2025-05-15T16:09:18.286735,solved,low,2.0,3.0
CUST-00611,ZD-101904,2026-02-16T16:09:18.286740,open,normal,12.0,
CUST-00206,ZD-101905,2026-01-25T16:09:18.286746,open,low,3.0,
CUST-00578,ZD-101906,2026-01-13T16:09:18.286757,pending,low,9.0,1.0
CUST-00322,ZD-101907,2025-11-24T16:09:18.286763,solved,high,4.0,4.0
CUST-00981,ZD-101908,2025-01-16T16:09:18.286769,closed,high,8.0,5.0
CUST-00743,ZD-101909,2025-02-28T16:09:18.286774,solved,high,2.0,5.0
CUST-00918,ZD-101910,2024-09-30T16:09:18.286780,closed,low,1.0,
CUST-00815,ZD-101911,2025-02-01T16:09:18.286786,solved,high,7.0,3.0
CUST-00155,ZD-101912,2024-11-10T16:09:18.286791,solved,normal,1.0,3.0
CUST-00826,ZD-101913,2025-10-06T16:09:18.286797,closed,high,12.0,5.0
CUST-00804,ZD-101914,2025-10-16T16:09:18.286803,open,high,5.0,
CUST-00876,ZD-101915,2024-12-13T16:09:18.286809,pending,normal,0.0,3.0
CUST-00625,ZD-101916,2025-12-13T16:09:18.286814,pending,low,2.0,1.0
CUST-00146,ZD-101917,2025-04-17T16:09:18.286820,solved,urgent,8.0,1.0
CUST-00465,ZD-101918,2025-04-12T16:09:18.286826,open,normal,2.0,1.0
CUST-00286,ZD-101919,2024-07-17T16:09:18.286831,open,low,5.0,1.0
CUST-00183,ZD-101920,2024-11-13T16:09:18.286836,pending,high,4.0,5.0
CUST-00665,ZD-101921,2025-10-07T16:09:18.286843,pending,low,1.0,4.0
CUST-00879,ZD-101922,2025-05-10T16:09:18.286848,pending,normal,6.0,5.0
CUST-00375,ZD-101923,2024-09-21T16:09:18.286854,open,high,13.0,1.0
CUST-00698,ZD-101924,2024-12-31T16:09:18.286859,pending,high,8.0,1.0
CUST-00635,ZD-101925,2025-12-31T16:09:18.286865,closed,low,11.0,3.0
CUST-00873,ZD-101926,2025-11-12T16:09:18.286873,pending,normal,4.0,
CUST-00408,ZD-101927,2025-12-15T16:09:18.286879,pending,urgent,3.0,1.0
CUST-00357,ZD-101928,2024-11-07T16:09:18.286889,pending,low,7.0,1.0
CUST-00184,ZD-101929,2025-11-09T16:09:18.286895,pending,urgent,14.0,3.0
CUST-00411,ZD-101930,2025-03-28T16:09:18.286901,open,high,1.0,
CUST-00497,ZD-101931,2025-07-25T16:09:18.286906,pending,low,11.0,4.0
CUST-00465,ZD-101932,2026-01-19T16:09:18.286915,closed,urgent,8.0,3.0
CUST-00655,ZD-101933,2025-07-24T16:09:18.286920,solved,urgent,5.0,1.0
CUST-00958,ZD-101934,2025-02-22T16:09:18.286926,pending,urgent,12.0,3.0
CUST-00055,ZD-101935,2025-07-26T16:09:18.286932,solved,urgent,13.0,4.0
CUST-00258,ZD-101936,2025-08-31T16:09:18.286937,closed,low,1.0,4.0
CUST-00414,ZD-101937,2025-12-06T16:09:18.286943,pending,urgent,4.0,
CUST-00219,ZD-101938,2025-06-07T16:09:18.286949,solved,low,2.0,5.0
CUST-00350,ZD-101939,2025-04-29T16:09:18.286954,closed,high,2.0,5.0
CUST-00493,ZD-101940,2024-10-29T16:09:18.286960,closed,urgent,8.0,4.0
CUST-00934,ZD-101941,2024-07-23T16:09:18.286966,solved,normal,6.0,1.0
CUST-00740,ZD-101942,2024-07-15T16:09:18.286972,closed,high,9.0,4.0
CUST-00014,ZD-101943,2025-09-26T16:09:18.286977,pending,normal,14.0,5.0
CUST-00885,ZD-101944,2025-04-09T16:09:18.286983,pending,high,1.0,
CUST-00739,ZD-101945,2026-02-24T16:09:18.286991,closed,urgent,7.0,
CUST-00099,ZD-101946,2026-01-21T16:09:18.286998,closed,urgent,3.0,
CUST-00792,ZD-101947,2025-09-10T16:09:18.287003,pending,normal,9.0,4.0
CUST-00214,ZD-101948,2025-08-16T16:09:18.287009,solved,high,10.0,4.0
CUST-00016,ZD-101949,2025-04-24T16:09:18.287015,open,low,14.0,5.0
CUST-00664,ZD-101950,2024-11-18T16:09:18.287021,pending,high,6.0,4.0
CUST-00848,ZD-101951,2024-08-21T16:09:18.287026,open,low,6.0,3.0
CUST-00469,ZD-101952,2024-12-16T16:09:18.287032,closed,normal,5.0,
CUST-00446,ZD-101953,2025-02-02T16:09:18.287038,pending,high,4.0,
CUST-00960,ZD-101954,2025-11-18T16:09:18.287043,solved,low,1.0,1.0
CUST-00631,ZD-101955,2025-01-02T16:09:18.287049,pending,low,1.0,5.0
CUST-00515,ZD-101956,2024-07-12T16:09:18.287058,solved,high,12.0,5.0
CUST-00216,ZD-101957,2025-07-14T16:09:18.287064,pending,urgent,12.0,1.0
CUST-00200,ZD-101958,2024-11-04T16:09:18.287069,open,urgent,1.0,5.0
CUST-00929,ZD-101959,2025-01-18T16:09:18.287075,open,normal,0.0,
CUST-00290,ZD-101960,2025-05-29T16:09:18.287080,open,high,14.0,5.0
CUST-00689,ZD-101961,2025-06-25T16:09:18.287086,pending,low,0.0,1.0
CUST-00026,ZD-101962,2025-09-23T16:09:18.287092,open,high,12.0,4.0
CUST-00174,ZD-101963,2024-07-22T16:09:18.287097,closed,urgent,6.0,3.0
CUST-00631,ZD-101964,2025-01-21T16:09:18.287106,solved,urgent,13.0,3.0
CUST-00961,ZD-101965,2025-01-24T16:09:18.287114,closed,urgent,11.0,4.0
CUST-00529,ZD-101966,2025-09-18T16:09:18.287120,closed,low,6.0,3.0
CUST-00516,ZD-101967,2025-10-29T16:09:18.287126,pending,high,10.0,
CUST-00162,ZD-101968,2025-04-03T16:09:18.287132,solved,low,3.0,1.0
CUST-00447,ZD-101969,2026-02-16T16:09:18.287137,closed,low,10.0,
CUST-00724,ZD-101970,2024-08-20T16:09:18.287143,solved,urgent,14.0,1.0
CUST-00760,ZD-101971,2025-10-17T16:09:18.287149,open,normal,7.0,3.0
CUST-00668,ZD-101972,2025-07-15T16:09:18.287154,closed,normal,4.0,5.0
CUST-00788,ZD-101973,2025-06-06T16:09:18.287160,solved,high,10.0,1.0
CUST-00957,ZD-101974,2025-10-03T16:09:18.287165,solved,low,10.0,1.0
CUST-00470,ZD-101975,2025-10-25T16:09:18.287171,closed,high,1.0,4.0
CUST-00916,ZD-101976,2025-08-27T16:09:18.287176,solved,urgent,1.0,4.0
CUST-00934,ZD-101977,2025-07-30T16:09:18.287182,solved,urgent,6.0,1.0
CUST-00423,ZD-101978,2025-12-14T16:09:18.287188,solved,normal,7.0,5.0
CUST-00384,ZD-101979,2025-04-12T16:09:18.287194,pending,normal,10.0,3.0
CUST-00305,ZD-101980,2026-02-17T16:09:18.287205,closed,low,14.0,1.0
CUST-00999,ZD-101981,2025-03-13T16:09:18.287211,pending,low,5.0,3.0
CUST-00534,ZD-101982,2025-06-12T16:09:18.287217,solved,normal,14.0,
CUST-00030,ZD-101983,2024-08-28T16:09:18.287222,closed,normal,0.0,4.0
CUST-00117,ZD-101984,2025-07-20T16:09:18.287230,open,normal,0.0,3.0
CUST-00085,ZD-101985,2025-10-21T16:09:18.287236,open,urgent,4.0,3.0
CUST-00976,ZD-101986,2025-11-25T16:09:18.287242,open,urgent,5.0,5.0
CUST-00446,ZD-101987,2024-09-21T16:09:18.287248,closed,high,6.0,3.0
CUST-00202,ZD-101988,2025-05-16T16:09:18.287253,solved,high,6.0,3.0
CUST-00813,ZD-101989,2025-08-01T16:09:18.287259,pending,urgent,11.0,5.0
CUST-00433,ZD-101990,2025-05-25T16:09:18.287265,open,low,13.0,
CUST-00392,ZD-101991,2024-12-15T16:09:18.287271,open,high,3.0,1.0
CUST-00460,ZD-101992,2025-09-09T16:09:18.287276,solved,high,14.0,
CUST-00419,ZD-101993,2025-05-03T16:09:18.287299,open,urgent,9.0,1.0
CUST-00117,ZD-101994,2025-08-27T16:09:18.287308,open,urgent,12.0,3.0
CUST-00366,ZD-101995,2025-06-21T16:09:18.287314,closed,high,1.0,4.0
CUST-00148,ZD-101996,2025-04-12T16:09:18.287324,solved,high,1.0,1.0
CUST-00734,ZD-101997,2025-03-28T16:09:18.287330,pending,high,3.0,3.0
CUST-00575,ZD-101998,2025-12-22T16:09:18.287336,open,normal,6.0,
CUST-00222,ZD-101999,2025-11-14T16:09:18.287341,open,low,8.0,
